formulaRank	molecularFormula	adduct	precursorFormula	SiriusScore	TreeScore	IsotopeScore	numExplainedPeaks	explainedIntensity	medianMassErrorFragmentPeaks(ppm)	medianAbsoluteMassErrorFragmentPeaks(ppm)	massErrorPrecursor(ppm)	lipidClass	ionMass	retentionTimeInSeconds	id	featureId
1	C25H38O9	[M + Cl]-	C25H38O9	4.973071713224824	4.973071713224824	0.0	2	0.3957292302243031	-22.848308490860372	22.848308490860372	0.0014308978587231965		517.22098	NaN	1_challenge_0_	N/A
1	C46H74O18	[M + CH2O2 - H]-	C47H76O20	31.908896372933583	31.908896372933583	0.0	16	0.8396486705210019	-5.587071194693475	5.587071194693475	-0.002972331349067642		959.48572	NaN	2_challenge_1_	N/A
1	C33H44N4O10	[M + H]+	C33H44N4O10	53.5922313160073	53.5922313160073	0.0	33	0.9005533636563532	-0.8802768625117912	1.1900988169765503	-6.877856911438054E-4		657.31302	NaN	3_challenge_10_	N/A
1	C27H24O11	[M + H3N + H]+	C27H27NO11	64.29509205440309	64.29509205440309	0.0	12	0.9861861176896062	-0.636281648283152	1.2540220200304595	0.008211344277141739		542.16569	NaN	4_challenge_100_	N/A
1	C14H14Cl2N2O3	[M - H]-	C14H14Cl2N2O3	39.91137744114808	39.91137744114808	0.0	9	0.8811924218032371	-11.223763369195305	11.223763369195305	0.0013824093854701545		327.03087	NaN	5_challenge_101_	N/A
1	C21H22O8	[M - H]-	C21H22O8	105.19258813274124	105.19258813274124	0.0	46	0.9082366932210539	-4.2535553189731665	4.2535553189731665	0.001127058648877507		401.12419	NaN	6_challenge_102_	N/A
1	C6H7NO	[M + H]+	C6H7NO	37.90670035487313	37.90670035487313	0.0	17	0.959049280169891	1.6965261314115618	1.6965261314115618	-0.004107671892198757		110.06004	NaN	7_challenge_103_	N/A
1	C22H28N6O3S	[M + H]+	C22H28N6O3S	75.01618118747886	75.01618118747886	0.0	37	0.7565802485901669	-0.9313729474437954	1.047614507683109	-9.888206806127073E-4		457.20164	NaN	8_challenge_104_	N/A
1	C28H29N5OS	[M + H]+	C28H29N5OS	13.609400864217239	13.609400864217239	0.0	3	0.9575614894656205	-1.0686778847570402	1.0686778847570402	-9.336536293216562E-4		484.21656	NaN	9_challenge_105_	N/A
1	C33H46O19	[M + CH2O2 - H]-	C34H48O21	66.2816742568509	66.2816742568509	0.0	19	0.9055430722506708	-10.77883172690858	10.77883172690858	-0.003604256307336991		791.26153	NaN	10_challenge_106_	N/A
1	C19H26O12	[M + CH2O2 - H]-	C20H28O14	59.481077927820444	59.481077927820444	0.0	18	0.8811783942221166	-16.2420370789714	16.2420370789714	-0.00580670685588389		491.14063	NaN	11_challenge_107_	N/A
1	C27H28N4O2	[M + CH2O2 - H]-	C28H30N4O4	27.474644260287917	27.474644260287917	0.0	8	0.8933047255604293	-11.992306489022623	11.992306489022623	-0.005877566555727971		485.21943	NaN	12_challenge_108_	N/A
1	C16H28O7	[M + CH2O2 - H]-	C17H30O9	31.68893311896867	31.68893311896867	0.0	5	0.4900609809986353	-17.813046282928504	17.813046282928504	-0.007561102372619735		377.18170	NaN	13_challenge_109_	N/A
1	C12H10O2	[M - H]-	C12H10O2	13.31247745322006	13.31247745322006	0.0	2	0.9761168206911229	-7.654869242040494	7.654869242040494	0.0024429297702998087		185.06080	NaN	14_challenge_11_	N/A
1	C41H66O14	[M + CH2O2 - H]-	C42H68O16	31.315032970358928	31.315032970358928	0.0	9	0.9543535523138718	-16.51204702622784	16.51204702622784	-0.003446651514932095		827.44346	NaN	15_challenge_110_	N/A
1	C24H30N2O3	[M + H]+	C24H30N2O3	23.55152381170547	23.55152381170547	0.0	7	0.9692782484844852	-0.9828642213771502	1.3468545212650291	-0.0011438586758549896		395.23292	NaN	16_challenge_111_	N/A
1	C20H28O4	[M + H]+	C20H28O4	246.24626902730967	246.24626902730967	0.0	59	0.994627207924408	-0.7434960398676054	0.9805537591148987	-0.0013567899592982905		333.20604	NaN	17_challenge_112_	N/A
1	C41H50O11	[M + Na]+	C41H50O11	21.62904980816824	21.62904980816824	0.0	6	0.5508636183777449	-2.924826621881215	4.223611537705775	-9.443778682211123E-4		741.32453	NaN	18_challenge_113_	N/A
1	C17H34O4	[M + Na]+	C17H34O4	3.388001918796551	3.388001918796551	0.0	1	0.0	-1.3318639147638252	1.3318639147638252	-0.002152568727350845		325.23493	NaN	19_challenge_114_	N/A
1	C14H15ClO6	[M - H]-	C14H15ClO6	16.548043753445707	16.548043753445707	0.0	6	0.9485179662275635	-3.7450915673275516	3.7450915673275516	0.0014441552448101241		313.04844	NaN	20_challenge_115_	N/A
1	C9H8N2	[M + H]+	C9H8N2	36.97863699229918	36.97863699229918	0.0	13	0.9743339409700829	-0.7174269017528554	0.9145477012256619	-0.0031162319801001266		145.07602	NaN	21_challenge_116_	N/A
1	C20H10Br2O5	[M + H]+	C20H10Br2O5	99.10361798721857	99.10361798721857	0.0	48	0.9803596469439267	-1.0587129841946783	1.1936901017224932	-9.247158655359419E-4		488.89677	NaN	22_challenge_117_	N/A
1	C29H43NO4S	[M + Na]+	C29H43NO4S	27.58062311506085	27.58062311506085	0.0	19	0.7957170994137899	-1.3459701229190828	1.578348091848358	-0.0013353359422407253		524.28050	NaN	23_challenge_118_	N/A
1	C21H22O10	[M + Cl]-	C21H22O10	65.55958147834308	65.55958147834308	0.0	13	0.9586427650745707	-12.404762084409075	12.404762084409075	0.001577712799167565		469.09070	NaN	24_challenge_119_	N/A
1	C37H58O11	[M + CH2O2 - H]-	C38H60O13	1.4052643597362653	1.4052643597362653	0.0	2	0.8038241253861157	-23.106903727883658	23.106903727883658	-0.0039423898211128575		723.39611	NaN	25_challenge_12_	N/A
1	C25H32O10	[M + CH2O2 - H]-	C26H34O12	69.4367316759541	69.4367316759541	0.0	35	0.9040223972557243	-3.2827100126682245	4.00034548251292	-0.005308863634798761		537.19775	NaN	26_challenge_120_	N/A
1	C25H32O6	[M + H]+	C25H32O6	44.151155511270815	44.151155511270815	0.0	15	0.7438139752219136	-0.2973035021272976	1.6493174787157867	-0.001053266522507689		429.22716	NaN	27_challenge_121_	N/A
1	C36H58O9	[M + Na]+	C36H58O9	9.262111871646718	9.262111871646718	0.0	3	0.8670380429105579	-4.186025788123874	4.186025788123874	-0.0010649427339109382		657.39730	NaN	28_challenge_122_	N/A
1	C47H74O18	[M + H3N + H]+	C47H77NO18	46.89039042968319	46.89039042968319	0.0	25	0.8806730634926195	-0.45775874974553044	1.8179457639600525	0.004713403212928872		944.52135	NaN	29_challenge_123_	N/A
1	C36H42O8	[M + H3N + H]+	C36H45NO8	187.14643120810763	187.14643120810763	0.0	59	0.9885756336443534	-0.7711230376759108	1.0626401832481287	0.007176774036361772		620.32180	NaN	30_challenge_124_	N/A
1	C47H72O20	[M - H]-	C47H72O20	46.6067887190435	46.6067887190435	0.0	18	0.8474140835940454	-16.149965602738373	16.149965602738373	4.731685105915226E-4		955.45442	NaN	31_challenge_125_	N/A
1	C14H22O4	[M - H]-	C14H22O4	44.41645707381266	44.41645707381266	0.0	9	0.9787699045749021	-13.536586649635248	13.536586649635248	0.0017858989117640687		253.14453	NaN	32_challenge_126_	N/A
1	C19H18O9	[M - H]-	C19H18O9	130.94578770236632	130.94578770236632	0.0	57	0.9931658706208996	-6.469019664136283	6.469019664136283	0.0011619239294901756		389.08781	NaN	33_challenge_127_	N/A
1	C60H92O24	[M - H]-	C60H92O24	3.5	3.5	0.0	1	0.0	NaN	NaN	3.7813190620745416E-4		1195.59058	NaN	34_challenge_128_	N/A
1	C6H9N2O2P	[M + H]+	C6H9N2O2P	6.317926753878157	6.317926753878157	0.0	4	0.03218012979741794	-1.296686510757586	1.296686510757586	-0.0026125237444688584		173.04744	NaN	35_challenge_129_	N/A
1	C36H58O9	[M + CH2O2 - H]-	C37H60O11	9.901371986856438	9.901371986856438	0.0	2	0.36133990997733	-4.967615482768119	4.967615482768119	-0.004197649537215565		679.40628	NaN	36_challenge_13_	N/A
1	C24H46O11	[M + H3N + H]+	C24H49NO11	56.630218284792946	56.630218284792946	0.0	18	0.9865710061588553	0.14088562439534932	0.9642906032459153	0.008426254767702382		528.33784	NaN	37_challenge_130_	N/A
1	C33H54O14	[M + CH2O2 - H]-	C34H56O16	31.732580820749916	31.732580820749916	0.0	13	0.7791010123257545	-16.92186116916475	16.92186116916475	-0.003964567100276026		719.34956	NaN	38_challenge_131_	N/A
1	C30H44O8	[M + CH2O2 - H]-	C31H46O10	16.31625775782841	16.31625775782841	0.0	3	0.817374243587484	-18.292507102274143	18.292507102274143	-0.004940066866575095		577.30182	NaN	39_challenge_132_	N/A
1	C34H42O18	[M + H]+	C34H42O18	69.09152999778897	69.09152999778897	0.0	15	0.9852831048619914	-1.043639339056087	1.119674256984431	-6.115572440218445E-4		739.24439	NaN	40_challenge_133_	N/A
1	C23H26O11	[M + Na]+	C23H26O11	26.787553136037022	26.787553136037022	0.0	9	0.88803001772064	1.4810392105082153	1.8405378871562283	-0.001397005377459831		501.13673	NaN	41_challenge_134_	N/A
1	C15H28O3	[M + H3N + H]+	C15H31NO3	38.694284098229645	38.694284098229645	0.0	10	0.19675090670055473	0.6804026241680172	1.9679138278770714	0.01623376326358246		274.23767	NaN	42_challenge_135_	N/A
1	C15H24O3	[M + H3N + H]+	C15H27NO3	178.15671383457308	178.15671383457308	0.0	51	0.9802204373370882	0.3230929094125121	1.1811868742079263	0.01647596025842575		270.20637	NaN	43_challenge_136_	N/A
1	C24H34O13	[M - H]-	C24H34O13	64.38019592057222	64.38019592057222	0.0	24	0.9711404743368508	-13.447017806559488	13.447017806559488	8.543018297292501E-4		529.19267	NaN	44_challenge_137_	N/A
1	C20H24O5	[M - H]-	C20H24O5	95.65254724463614	95.65254724463614	0.0	38	0.9444188739035412	-7.636127616065728	7.636127616065728	0.0013174523482172302		343.15510	NaN	45_challenge_138_	N/A
1	C14H24O6	[M - H]-	C14H24O6	89.08730724923882	89.08730724923882	0.0	26	0.9702898622374835	-17.532754463873566	17.532754463873566	0.0015744056538901962		287.15001	NaN	46_challenge_139_	N/A
1	C30H46O7	[M + H]+	C30H46O7	77.648591320974	77.648591320974	0.0	20	0.8952588529958733	-1.7590245997331186	1.8708351417672118	-8.70524133156003E-4		519.33163	NaN	47_challenge_14_	N/A
1	C6H11N	[M + H]+	C6H11N	29.24010104241267	29.24010104241267	0.0	5	0.9282360744814488	0.29359736861761127	0.8294830991787608	-0.004608634111785775		98.09643	NaN	48_challenge_140_	N/A
1	C12H9N3O	[M + H]+	C12H9N3O	42.13201888354513	42.13201888354513	0.0	15	0.946773791038072	-1.3440912773525766	1.3440912773525766	-0.002131679689273739		212.08184	NaN	49_challenge_141_	N/A
1	C47H74O17	[M + CH2O2 - H]-	C48H76O19	70.16180995996964	70.16180995996964	0.0	14	0.9342538633803592	-12.011778652259713	12.011778652259713	-0.0029847582140916057		955.49080	NaN	50_challenge_142_	N/A
1	C41H66O13	[M + CH2O2 - H]-	C42H68O15	42.170280532152645	42.170280532152645	0.0	10	0.9541945354954224	-17.13940263274383	17.13940263274383	-0.0035145905246510684		811.44854	NaN	51_challenge_143_	N/A
1	C14H19NO7	[M + CH2O2 - H]-	C15H21NO9	9.137047891500456	9.137047891500456	0.0	3	0.4408385053548982	-15.244197933775919	15.244197933775919	-0.007963683822592466		358.11435	NaN	52_challenge_144_	N/A
1	C26H32O12	[M + CH2O2 - H]-	C27H34O14	46.13577655434049	46.13577655434049	0.0	16	0.8889893054059097	-10.819054503297886	10.819054503297886	-0.0049070383024555275		581.18758	NaN	53_challenge_145_	N/A
1	C20H28O5	[M + H]+	C20H28O5	239.5075656785416	239.5075656785416	0.0	58	0.9902188858583199	-0.42701436713668034	0.7984786769451568	-0.0012946429450936701		349.20095	NaN	54_challenge_146_	N/A
1	C15H22O4	[M + H]+	C15H22O4	237.96875301741736	237.96875301741736	0.0	54	0.9767852557024594	0.041056087670743716	1.0146303261969858	-0.0016922147566906113		267.15909	NaN	55_challenge_147_	N/A
1	C16H30N2O5	[M + Na]+	C16H30N2O5	28.308718931460508	28.308718931460508	0.0	7	0.9367037445018906	-1.0236926702908975	4.36941002754978	-0.0019821099610740868		353.20469	NaN	56_challenge_148_	N/A
1	C26H36O11	[M + H3N + H]+	C26H39NO11	51.4112084206223	51.4112084206223	0.0	18	0.8718020538659201	0.47385008864529665	1.1705711412891187	0.008209922359683394		542.25959	NaN	57_challenge_149_	N/A
1	C14H16O3	[M + H]+	C14H16O3	22.946077772261	22.946077772261	0.0	4	0.9745794424898993	-1.2148134647828495	1.2148134647828495	-0.0019393269926142296		233.11722	NaN	58_challenge_15_	N/A
1	C22H40O6	[M - H]-	C22H40O6	15.716116631419201	15.716116631419201	0.0	3	0.9692464705008408	-6.042558327837678	6.042558327837678	0.0011322778744317144		399.27521	NaN	59_challenge_150_	N/A
1	C7H10O2	[M + H]+	C7H10O2	64.72700630967485	64.72700630967485	0.0	15	0.987800027732972	-0.3028300897231279	1.6088976138878828	-0.003557657030579896		127.07536	NaN	60_challenge_151_	N/A
1	C14H29NO	[M + H]+	C14H29NO	106.08311358648795	106.08311358648795	0.0	41	0.8809774123440733	-0.23603873238414874	0.9092267232668747	-0.001980836030390063		228.23219	NaN	61_challenge_152_	N/A
1	C15H28N2O4	[M + Cl]-	C15H28N2O4	46.01517316096776	46.01517316096776	0.0	9	0.776642815454724	-10.308032128982894	11.949799081902022	0.0022080764921869355		335.17431	NaN	62_challenge_153_	N/A
1	C47H76O18	[M + Cl]-	C47H76O18	45.10614291298956	45.10614291298956	0.0	14	0.8301250530479148	-2.777152242712268	2.8016888075681887	7.681494968924662E-4		963.47257	NaN	63_challenge_154_	N/A
1	C38H48O20	[M + Cl]-	C38H48O20	25.178291665364725	25.178291665364725	0.0	7	0.8845075706667492	3.2836899259614767	3.2836899259614767	8.613285017087141E-4		859.24330	NaN	64_challenge_155_	N/A
1	C42H66O15	[M + CH2O2 - H]-	C43H68O17	47.95106540098973	47.95106540098973	0.0	17	0.91770555227399	-14.362051965345849	14.362051965345849	-0.003333857048246959		855.43837	NaN	65_challenge_156_	N/A
1	C20H30O3	[M + H]+	C20H30O3	275.3555650835012	275.3555650835012	0.0	60	0.9999999999999997	-0.7040057524019881	0.9596701318247871	-0.0014162049917400123		319.22677	NaN	66_challenge_157_	N/A
1	C27H32O8	[M + H]+	C27H32O8	101.60554030821072	101.60554030821072	0.0	47	0.9582573086795579	-0.9354585215243139	1.0747664777871504	-9.317289428603427E-4		485.21699	NaN	67_challenge_158_	N/A
1	C28H36O13	[M + Na]+	C28H36O13	4.814866999185193	4.814866999185193	0.0	2	0.11755028979722944	-1.1006025112015965	1.1006025112015965	-0.0011606181989499442		603.20481	NaN	68_challenge_159_	N/A
1	C26H44O11	[M + Na]+	C26H44O11	3.428114646467011	3.428114646467011	0.0	1	0.0	-0.8704268388087041	0.8704268388087041	-0.001260793912235033		555.27758	NaN	69_challenge_16_	N/A
1	C21H26O8	[M + H3N + H]+	C21H29NO8	91.34152012058044	91.34152012058044	0.0	55	0.9695093281861038	-0.3895159636559544	1.273171534470508	0.010494920042806034		424.19660	NaN	70_challenge_160_	N/A
1	C14H18O9	[M - H]-	C14H18O9	22.9498243592446	22.9498243592446	0.0	5	0.9781692086497117	-8.891954889930554	8.891954889930554	0.0013737685840435002		329.08781	NaN	71_challenge_161_	N/A
1	C7H6BrNO2	[M + H]+	C7H6BrNO2	39.82275774809824	39.82275774809824	0.0	9	0.9902986907597005	-0.9376369227902479	0.9376369227902479	-0.0020933464668775725		215.96547	NaN	72_challenge_162_	N/A
1	C9H12FN3O4	[M + Na]+	C9H12FN3O4	19.154462733466392	19.154462733466392	0.0	4	0.7884531520150073	-0.6072306937343122	6.539892954553238	-0.0026115918464741776		268.07040	NaN	73_challenge_163_	N/A
1	C19H10Br4O5S	[M - H]-	C19H10Br4O5S	53.16794163051449	53.16794163051449	0.0	16	0.7945899300777817	-3.174542973598945	3.3784793656081122	6.801515677858984E-4		664.69097	NaN	74_challenge_164_	N/A
1	C61H98O27	[M + CH2O2 - H]-	C62H100O29	28.507003147270183	28.507003147270183	0.0	18	0.9163834581750797	-7.914870673424518	7.914870673424518	-0.0021809797089161736		1307.62775	NaN	75_challenge_165_	N/A
1	C20H28O4	[M + CH2O2 - H]-	C21H30O6	46.95862059947147	46.95862059947147	0.0	8	0.786184927323907	-1.571316225993363	1.571316225993363	-0.007560796706335673		377.19696	NaN	76_challenge_166_	N/A
1	C53H86O21	[M + CH2O2 - H]-	C54H88O23	40.68254703304921	40.68254703304921	0.0	10	0.9755347387122548	-0.7323521387448164	0.7344439676859528	-0.002584270575212755		1103.56436	NaN	77_challenge_167_	N/A
1	C34H40O16	[M + H]+	C34H40O16	64.00799588898076	64.00799588898076	0.0	20	0.9100343436085958	1.4085912828657512	1.8492978677061893	-6.410460285103844E-4		705.23891	NaN	78_challenge_168_	N/A
1	C15H20O3	[M + H]+	C15H20O3	173.6484032696267	173.6484032696267	0.0	48	0.9692817400369491	-0.9261341883676526	1.2767202715510049	-0.001814542253766341		249.14852	NaN	79_challenge_169_	N/A
1	C42H76O20	[M + H3N + H]+	C42H79NO20	45.78532994560532	45.78532994560532	0.0	21	0.9416121693924314	-0.44541919054040724	0.8649153757894321	0.0048467934856654855		918.52682	NaN	80_challenge_17_	N/A
1	C24H26O14	[M + Na]+	C24H26O14	3.5	3.5	0.0	1	0.0	NaN	NaN	-0.0012476633661573629		561.12148	NaN	81_challenge_170_	N/A
1	C22H27NO6	[M + Na]+	C22H27NO6	38.150757114814525	38.150757114814525	0.0	14	0.8853349472099807	0.38010335505223625	1.4071290869506679	-0.0016504834117971054		424.17306	NaN	82_challenge_171_	N/A
1	C49H88O25	[M + H3N + H]+	C49H91NO25	72.39352875614193	72.39352875614193	0.0	14	0.9672817980784946	-1.0192473857749644	1.1063834110447028	0.004067174371697648		1094.59530	NaN	83_challenge_172_	N/A
1	C18H28O8	[M - H]-	C18H28O8	42.054688519520695	42.054688519520695	0.0	16	0.9836413773199779	-17.653372007792022	17.653372007792022	0.0012180107278407025		371.17114	NaN	84_challenge_173_	N/A
1	C53H84O24	[M - H]-	C53H84O24	34.526939679159966	34.526939679159966	0.0	21	0.9404107837908743	-0.9409368599705585	1.046225132550559	4.0967762127691707E-4		1103.52798	NaN	85_challenge_174_	N/A
1	C14H8I4O4	[M + CH2O2 - H]-	C15H10I4O6	0.11710242622155587	0.11710242622155587	0.0	2	0.8200212930637725	-11.181557342639968	11.181557342639968	-0.0035979048916996536		792.65835	NaN	86_challenge_175_	N/A
1	C7H15N	[M + H]+	C7H15N	34.17246059753041	34.17246059753041	0.0	5	0.9691021301330809	0.7864769613009758	0.9553523808013547	-0.003961268221372724		114.12773	NaN	87_challenge_176_	N/A
1	C15H23NO4	[M + H]+	C15H23NO4	83.81626891715996	83.81626891715996	0.0	27	0.9619095862152837	-0.3513996050974474	1.5028195420838766	-0.001602192194851793		282.16998	NaN	88_challenge_177_	N/A
1	C16H24O10	[M + Cl]-	C16H24O10	18.781649708754596	18.781649708754596	0.0	4	0.8522732911610931	-8.205663720210408	8.205663720210408	0.0018002410207869223		411.10635	NaN	89_challenge_178_	N/A
1	C13H24O10	[M + CH2O2 - H]-	C14H26O12	47.847712514195514	47.847712514195514	0.0	15	0.9625122951252527	-13.71751944653363	13.71751944653363	-0.007404957845425752		385.13515	NaN	90_challenge_179_	N/A
1	C10H12O4	[M - H]-	C10H12O4	32.2901717036238	32.2901717036238	0.0	8	0.9792055498112436	-5.78111477387409	5.78111477387409	0.00231762526918876		195.06628	NaN	91_challenge_18_	N/A
1	C21H24O8	[M + CH2O2 - H]-	C22H26O10	60.318996102062954	60.318996102062954	0.0	29	0.9672767800343325	-5.3578753743475716	5.3578753743475716	-0.006349636681864313		449.14532	NaN	92_challenge_180_	N/A
1	C19H22O7	[M + CH2O2 - H]-	C20H24O9	52.94097817856302	52.94097817856302	0.0	22	0.9351234676640068	-5.0953906764028245	5.0953906764028245	-0.007004829638370611		407.13475	NaN	93_challenge_181_	N/A
1	C20H26O4	[M + H]+	C20H26O4	139.83122927661526	139.83122927661526	0.0	49	0.9782288772778349	-0.42121517975505385	0.751465271582823	-0.0013650474869608697		331.19039	NaN	94_challenge_182_	N/A
1	C10H16O2	[M + H]+	C10H16O2	160.37259300329913	160.37259300329913	0.0	36	0.9731484243899616	0.3049837809579744	0.6014017528344011	-0.002673157418958513		169.12231	NaN	95_challenge_183_	N/A
1	C29H34N2O5	[M + Na]+	C29H34N2O5	1.0	1.0	0.0	1	0.0	NaN	NaN	-0.0013640712893151247		513.23599	NaN	96_challenge_184_	N/A
1	C15H28O3	[M + Na]+	C15H28O3	3.395861586246131	3.395861586246131	0.0	1	0.0	-1.2427118169339133	1.2427118169339133	-0.0025075496850133243		279.19306	NaN	97_challenge_185_	N/A
1	C36H60O9	[M + H3N + H]+	C36H63NO9	191.53999359889227	191.53999359889227	0.0	54	0.9875323848893032	-0.7172426115136713	1.1651865817470717	0.006802441458177988		654.45756	NaN	98_challenge_186_	N/A
1	C8H8O4	[M - H]-	C8H8O4	31.125441323189552	31.125441323189552	0.0	4	0.9595940646326204	-11.231023573789201	11.231023573789201	0.0027065620562062805		167.03498	NaN	99_challenge_187_	N/A
1	C8H17NO	[M + H]+	C8H17NO	66.44941096655349	66.44941096655349	0.0	19	0.9933178343787497	-0.11209271911836803	1.092170332982296	-0.0031365055449037306		144.13829	NaN	100_challenge_188_	N/A
1	C14H10N2O3S	[M + H]+	C14H10N2O3S	19.849606085511645	19.849606085511645	0.0	6	0.9732943307852987	-1.4015968703795854	1.4015968703795854	-0.001574962291645561		287.04849	NaN	101_challenge_189_	N/A
1	C27H30O11	[M - H]-	C27H30O11	87.76219566976756	87.76219566976756	0.0	51	0.9687798808973224	-4.742218455648416	4.742218455648416	8.543361561118177E-4		529.17154	NaN	102_challenge_19_	N/A
1	C17H19FN4O5S	[M - H]-	C17H19FN4O5S	29.077654340472307	29.077654340472307	0.0	24	0.9298100984236154	-5.474215904765575	5.474215904765575	0.0011050890625980123		409.09874	NaN	103_challenge_190_	N/A
1	C35H56O9	[M + CH2O2 - H]-	C36H58O11	16.41421515553711	16.41421515553711	0.0	5	0.608005427269336	-17.07697013333188	17.07697013333188	-0.004286068125847652		665.39063	NaN	104_challenge_191_	N/A
1	C20H32O2	[M + H]+	C20H32O2	272.12742672102195	272.12742672102195	0.0	60	0.9999999999999999	-0.609953977663023	0.9867478947361668	-0.0014810622103537461		305.24751	NaN	105_challenge_192_	N/A
1	C21H34O7	[M + H]+	C21H34O7	82.83412579605515	82.83412579605515	0.0	33	0.9675663577684473	-0.8899964471092107	0.9578403820605565	-0.0011323846087064233		399.23773	NaN	106_challenge_193_	N/A
1	C30H48O6	[M + H3N + H]+	C30H51NO6	198.94041159371298	198.94041159371298	0.0	55	0.9766425682519293	0.09381561939865099	1.5289491769616885	0.008522375639886155		522.37892	NaN	107_challenge_194_	N/A
1	C28H36O10	[M + H3N + H]+	C28H39NO10	85.60484281038939	85.60484281038939	0.0	55	0.9667083030020223	0.4951870974985063	1.2813292346120773	0.00809048707977071		550.26468	NaN	108_challenge_195_	N/A
1	C19H18O8	[M - H]-	C19H18O8	125.05969983710301	125.05969983710301	0.0	54	0.971838364205951	-5.021205253703369	5.021205253703369	0.001211737076060822		373.09289	NaN	109_challenge_196_	N/A
1	C12H22O4	[M - H]-	C12H22O4	100.28112899948694	100.28112899948694	0.0	25	0.9203439354312989	-11.829835370850452	11.829835370850452	0.001972949299948195		229.14453	NaN	110_challenge_197_	N/A
1	C21H26O6	[M - H]-	C21H26O6	38.53634872422691	38.53634872422691	0.0	21	0.9100183710848078	-3.918215206534928	3.918215206534928	0.0012115006229505192		373.16566	NaN	111_challenge_198_	N/A
1	C28H28N4O4	[M - H]-	C28H28N4O4	47.0225431351887	47.0225431351887	0.0	16	0.8482066341125866	-3.627242745080699	3.627242745080699	9.356105345784956E-4		483.20378	NaN	112_challenge_199_	N/A
1	C35H42O16	[M + H]+	C35H42O16	114.5149155859807	114.5149155859807	0.0	34	0.9636844845828775	0.035264465896322025	0.7345187059482017	-6.285539035313759E-4		719.25456	NaN	113_challenge_2_	N/A
1	C22H18O4	[M + H]+	C22H18O4	67.51516152181718	67.51516152181718	0.0	15	0.9749367559666059	-0.817630828207063	1.1650650424929192	-0.0013023751558891052		347.12779	NaN	114_challenge_20_	N/A
1	C4H10N2O	[M + H]+	C4H10N2O	26.959366451994224	26.959366451994224	0.0	5	0.963430338141634	2.363702838339547	2.363702838339547	-0.004385541676857759		103.08659	NaN	115_challenge_200_	N/A
1	C35H44I6N6O15	[M + H]+	C35H44I6N6O15	47.17663474053426	47.17663474053426	0.0	35	0.9382746010066344	-1.3729431166011428	1.4202322157761238	-2.9153589825914983E-4		1550.72058	NaN	116_challenge_201_	N/A
1	C18H34ClN2O8PS	[M - H]-	C18H34ClN2O8PS	11.564801774448094	11.564801774448094	0.0	4	0.9717846678958942	-8.82618107519406	10.598960135208342	8.98539852547475E-4		503.13893	NaN	117_challenge_202_	N/A
1	C21H26O8	[M + Cl]-	C21H26O8	37.82535907034821	37.82535907034821	0.0	10	0.7427402037359238	-0.4513583924956542	1.7723325239840544	0.0016777069640309843		441.13217	NaN	118_challenge_203_	N/A
1	C27H28O8	[M + Cl]-	C27H28O8	20.27884139947573	20.27884139947573	0.0	6	0.7774669558230777	-9.60275962337502	9.60275962337502	0.001436656375325781		515.14782	NaN	119_challenge_204_	N/A
1	C15H20O8	[M + CH2O2 - H]-	C16H22O10	25.75433963049782	25.75433963049782	0.0	6	0.693928854362976	-11.978970177753775	11.978970177753775	-0.007643533746809599		373.11402	NaN	120_challenge_205_	N/A
1	C60H94O26	[M + CH2O2 - H]-	C61H96O28	22.955340968328105	22.955340968328105	0.0	16	0.8795967179130779	-10.646832890739883	10.646832890739883	-0.0022357370314066063		1275.60153	NaN	121_challenge_206_	N/A
1	C20H27NO3	[M + H]+	C20H27NO3	138.13601549113898	138.13601549113898	0.0	57	0.9651596813964081	-1.151155642308433	1.3167005066466864	-0.0013691153309780897		330.20637	NaN	122_challenge_207_	N/A
1	C17H18O5	[M + H]+	C17H18O5	133.4800598769928	133.4800598769928	0.0	36	0.9173341456565952	-1.6767144651111825	2.067388277588855	-0.0014914440482865741		303.12270	NaN	123_challenge_208_	N/A
1	C36H64O11	[M + Na]+	C36H64O11	36.69074097239331	36.69074097239331	0.0	17	0.9145045025403841	0.37618760600623513	1.4431950864005652	-0.0010066958357669883		695.43408	NaN	124_challenge_209_	N/A
1	C21H18F3NO3S2	[M + H]+	C21H18F3NO3S2	6.21714852383327	6.21714852383327	0.0	3	0.8463867969607395	0.5119145363826924	0.5119145363826924	-9.956291545976713E-4		454.07530	NaN	125_challenge_21_	N/A
1	C31H36O8	[M + H3N + H]+	C31H39NO8	141.44180626478422	141.44180626478422	0.0	54	0.9757550435685217	-0.8073824307438251	1.2709617557654518	0.008031952519106504		554.27485	NaN	126_challenge_210_	N/A
1	C42H66O15	[M - H]-	C42H66O15	60.58252929285067	60.58252929285067	0.0	12	0.8960220130633679	-19.043683878542883	19.043683878542883	5.585275885601786E-4		809.43290	NaN	127_challenge_211_	N/A
1	C8H13NO	[M + H]+	C8H13NO	93.68654721109124	93.68654721109124	0.0	30	0.9888466531402129	-0.10159941108771803	0.8520847138119114	-0.0032267522570870004		140.10699	NaN	128_challenge_212_	N/A
1	C16H20I3N3O7	[M + H3N + H]+	C16H23I3N4O7	14.414474062852506	14.414474062852506	0.0	17	0.8573197136298445	-1.1175634884513508	1.3744731119097482	0.005820422367956984		764.87737	NaN	129_challenge_213_	N/A
1	C33H25F3O4	[M - H]-	C33H25F3O4	17.853516576833083	17.853516576833083	0.0	6	0.6610080079011628	-0.6688928124554734	0.6688928124554734	8.354048479551259E-4		541.16322	NaN	130_challenge_214_	N/A
1	C44H75NO15	[M + CH2O2 - H]-	C45H77NO17	32.947591190417015	32.947591190417015	0.0	15	0.8852713679289664	-13.148498584068612	13.148498584068612	-0.003159968427104612		902.51187	NaN	131_challenge_215_	N/A
1	C21H36O10	[M + CH2O2 - H]-	C22H38O12	71.75995255622296	71.75995255622296	0.0	20	0.9286011776404055	-16.63711666310392	16.63711666310392	-0.005782120207817817		493.22905	NaN	132_challenge_216_	N/A
1	C16H24O9	[M + CH2O2 - H]-	C17H26O11	37.02438858226214	37.02438858226214	0.0	7	0.8979545684389366	-10.143252196326833	10.143252196326833	-0.007039314539465954		405.14023	NaN	133_challenge_217_	N/A
1	C12H20O4	[M + H]+	C12H20O4	88.70907771814817	88.70907771814817	0.0	25	0.9865321401183762	0.2395596788276897	0.7803046529553007	-0.001972958754395795		229.14344	NaN	134_challenge_218_	N/A
1	C20H30O3	[M + H]+	C20H30O3	191.4246661982904	191.4246661982904	0.0	58	0.9937971063222723	-0.34690238852931826	0.8296115579566021	-0.0014162049917400123		319.22677	NaN	135_challenge_219_	N/A
1	C23H32N6O4S	[M + H]+	C23H32N6O4S	51.75210381903586	51.75210381903586	0.0	23	0.9506272875217519	-1.0308589250201954	1.265110490058106	-9.240899631257451E-4		489.22785	NaN	136_challenge_22_	N/A
1	C20H28O4	[M + Na]+	C20H28O4	9.020844725994007	9.020844725994007	0.0	3	0.14998740130653457	12.331003178726506	12.331003178726506	-0.0019710424786998164		355.18798	NaN	137_challenge_220_	N/A
1	C20H32O4	[M + Na]+	C20H32O4	3.4629050655229983	3.4629050655229983	0.0	1	0.0	-0.45655724640957124	0.45655724640957124	-0.0019489226642854917		359.21928	NaN	138_challenge_221_	N/A
1	C10H16O4	[M - H]-	C10H16O4	49.76442437187315	49.76442437187315	0.0	17	0.9859649386505099	-12.996233523523108	12.996233523523108	0.0022706983155616426		199.09758	NaN	139_challenge_222_	N/A
1	C42H34O22	[M - H]-	C42H34O22	19.80607301638777	19.80607301638777	0.0	11	0.8891675769964398	-4.320183428677534	5.155322962238532	5.084543452149586E-4		889.14690	NaN	140_challenge_223_	N/A
1	C24H26ClFN4O	[M + Cl]-	C24H26ClFN4O	17.4828598028624	17.4828598028624	0.0	8	0.4554195863858386	-4.131275566268357	4.131275566268357	0.001557602326728649		475.14732	NaN	141_challenge_224_	N/A
1	C9H9NO	[M + H]+	C9H9NO	40.7138988613078	40.7138988613078	0.0	11	0.9711672641461531	-1.259387536144389	1.4671818124240954	-0.003053104440122578		148.07569	NaN	142_challenge_225_	N/A
1	C27H22Cl2N4O	[M + H]+	C27H22Cl2N4O	21.289131478432648	21.289131478432648	0.0	8	0.9856717903598323	-0.7011072063076815	1.1519715260855616	-9.242854015568474E-4		489.12434	NaN	143_challenge_226_	N/A
1	C15H22O3	[M + H]+	C15H22O3	268.31168458510933	268.31168458510933	0.0	59	1.0000000000000004	-0.31105165014255215	0.6108728523105438	-0.0017999801360816339		251.16417	NaN	144_challenge_227_	N/A
1	C21H36O3	[M + H]+	C21H36O3	138.5342827457296	138.5342827457296	0.0	33	0.9035562098690123	-0.5829314438100485	1.288616521268787	-0.0013404262418542942		337.27372	NaN	145_challenge_228_	N/A
1	C20H28O5	[M + Na]+	C20H28O5	46.58705130539267	46.58705130539267	0.0	12	0.9822886999607203	0.12582238160530523	0.8052481472857285	-0.0018861068400452604		371.18289	NaN	146_challenge_229_	N/A
1	C8H6O5	[M - H]-	C8H6O5	22.18474416854141	22.18474416854141	0.0	4	0.9025748993151819	-10.724523099552567	10.724523099552567	0.002497541389793236		181.01425	NaN	147_challenge_23_	N/A
1	C27H44O10	[M + Na]+	C27H44O10	48.68400409196903	48.68400409196903	0.0	13	0.892935040559295	-1.0721427691274057	1.7098871781383975	-0.0012699303577080046		551.28267	NaN	148_challenge_230_	N/A
1	C18H18O6	[M - H]-	C18H18O6	47.183496360621255	47.183496360621255	0.0	17	0.9461172641409609	-9.90474986290383	9.90474986290383	0.0013737047279094431		329.10306	NaN	149_challenge_231_	N/A
1	C15H22O4	[M - H]-	C15H22O4	46.31498887438783	46.31498887438783	0.0	8	0.9590694524874684	-5.565706809817364	5.565706809817364	0.001705072101255037		265.14453	NaN	150_challenge_232_	N/A
1	C20H20O7	[M - H]-	C20H20O7	45.531261922186474	45.531261922186474	0.0	19	0.917683740765201	-6.759081646085836	6.759081646085836	0.0012181994941130394		371.11363	NaN	151_challenge_233_	N/A
1	C22H24O13	[M - H]-	C22H24O13	42.23236470878625	42.23236470878625	0.0	17	0.9644826319748747	-11.98969096116026	11.98969096116026	9.131028349459914E-4		495.11441	NaN	152_challenge_234_	N/A
1	C55H86O24	[M - H]-	C55H86O24	18.709920960600243	18.709920960600243	0.0	16	0.902014574041654	-11.650677740283005	11.650677740283005	4.002421271536311E-4		1129.54363	NaN	153_challenge_235_	N/A
1	C18H15NO2	[M + H]+	C18H15NO2	54.59908180575289	54.59908180575289	0.0	15	0.9760222338835901	-1.458518140931858	1.5372762455070461	-0.0016255376140764627		278.11755	NaN	154_challenge_236_	N/A
1	C34H58O4	[M + H]+	C34H58O4	23.565427378280837	23.565427378280837	0.0	5	0.7567944992601338	0.8219905742594443	1.94085249560341	-8.506885711438722E-4		531.44079	NaN	155_challenge_237_	N/A
1	C8F18O2S	[M - H]-	C8F18O2S	-2.44272673504791	-2.44272673504791	0.0	1	0.0	2.540792766163935	2.540792766163935	9.025098570407405E-4		500.92588	NaN	156_challenge_238_	N/A
1	C17H25NO6	[M + Cl]-	C17H25NO6	23.91193014628641	23.91193014628641	0.0	5	0.7265198124710333	-12.385195176030638	12.385195176030638	0.001978124066900242		374.13759	NaN	157_challenge_239_	N/A
1	C52H84O23	[M + Cl]-	C52H84O23	16.732934127452562	16.732934127452562	0.0	4	0.7115847463666524	3.068143261049546	3.068143261049546	6.658426820207222E-4		1111.50974	NaN	158_challenge_24_	N/A
1	C20H22O10	[M + Cl]-	C20H22O10	64.6848749317057	64.6848749317057	0.0	14	0.9264019104663106	-13.226685841814716	13.226685841814716	0.0016191326103315762		457.09070	NaN	159_challenge_240_	N/A
1	C27H24O18	[M + Cl]-	C27H24O18	7.808910330553585	7.808910330553585	0.0	3	0.7213732456616494	-9.213285095701739	9.213285095701739	0.0011028583895852377		671.06567	NaN	160_challenge_241_	N/A
1	C32H44O10	[M + H]+	C32H44O10	115.39868030777193	115.39868030777193	0.0	51	0.9409145861858661	-1.1391476542725385	1.3920621791792742	-7.67164513913742E-4		589.30072	NaN	161_challenge_242_	N/A
1	C24H36O6	[M + H]+	C24H36O6	103.59882842858309	103.59882842858309	0.0	40	0.9111234010147702	-0.9085511183694442	1.9146024363513119	-0.0010731905489735766		421.25846	NaN	162_challenge_243_	N/A
1	C26H42O11	[M + Na]+	C26H42O11	17.57388583976581	17.57388583976581	0.0	5	0.6434155178067497	-4.608659791745417	4.608659791745417	-0.0012653874562129905		553.26193	NaN	163_challenge_244_	N/A
1	C20H22O9	[M + H3N + H]+	C20H25NO9	8.799141471520572	8.799141471520572	0.0	2	0.9650885223005491	-0.502237728442208	0.502237728442208	0.010495820188889286		424.16021	NaN	164_challenge_245_	N/A
1	C18H16O9	[M - H]-	C18H16O9	49.20236878179663	49.20236878179663	0.0	17	0.9024143522823957	-9.668971980469717	9.668971980469717	0.0012053425595649912		375.07216	NaN	165_challenge_246_	N/A
1	C27H28N6O	[M + H]+	C27H28N6O	2.8473370661967365	2.8473370661967365	0.0	2	0.27968803638448025	-2.0029553831972384	2.0029553831972384	-9.974642495340783E-4		453.23974	NaN	166_challenge_247_	N/A
1	C19H11Cl2I2NO3	[M + H]+	C19H11Cl2I2NO3	24.141304585579565	24.141304585579565	0.0	7	0.7883116577690049	-1.7595691336645585	2.6376091774399337	-7.223877893265695E-4		625.82782	NaN	167_challenge_248_	N/A
1	C10H8O3	[M - H]-	C10H8O3	28.69712933565018	28.69712933565018	0.0	4	0.8573260152273362	-9.688727523318587	9.688727523318587	0.0025827833570907623		175.04007	NaN	168_challenge_249_	N/A
1	C12H17NO	[M + H]+	C12H17NO	55.659708749921066	55.659708749921066	0.0	10	0.9836060451177826	0.1781189068035519	0.4048864156811599	-0.0023529435280518324		192.13829	NaN	169_challenge_25_	N/A
1	C10H9NO3S	[M - H]-	C10H9NO3S	1.5624520122686463	1.5624520122686463	0.0	3	0.9895602657531872	-0.2369710792193067	0.2369710792193067	0.0020362327194742547		222.02304	NaN	170_challenge_250_	N/A
1	C10H8O6S2	[M - H]-	C10H8O6S2	3.9477953845739533	3.9477953845739533	0.0	3	0.9956192339066451	0.29629215363860373	0.29629215363860373	0.00157539860401317		286.96895	NaN	171_challenge_251_	N/A
1	C10H8O4S	[M - H]-	C10H8O4S	0.3124892404319888	0.3124892404319888	0.0	3	0.9411125674236379	-0.26860437435837226	0.26860437435837226	0.0020272477428786725		223.00705	NaN	172_challenge_252_	N/A
1	C6H3Cl2NO2	[M - H]-	C6H3Cl2NO2	9.474980776023322	9.474980776023322	0.0	2	1.0	-0.20694873728836513	0.3576512766549127	0.002380090256930647		189.94681	NaN	173_challenge_253_	N/A
1	C9H7N7O2S	[M - H]-	C9H7N7O2S	3.9109347173708775	3.9109347173708775	0.0	5	0.9164513631909365	-0.4765895617134637	0.4765895617134637	0.0016378259628641396		276.03092	NaN	174_challenge_254_	N/A
1	C9H9NO4	[M - H]-	C9H9NO4	14.85872643556992	14.85872643556992	0.0	3	1.0	-0.34704316689324205	0.34704316689324205	0.0023298126309778907		194.04588	NaN	175_challenge_255_	N/A
1	C9H15NO3S	[M - H]-	C9H15NO3S	10.73461766982754	10.73461766982754	0.0	4	0.9320087496764549	0.6791714029030826	1.5417218456251351	0.0020923339619135107		216.06999	NaN	176_challenge_256_	N/A
1	C16H16O9	[M - H]-	C16H16O9	18.974459942044124	18.974459942044124	0.0	8	0.9999999999999998	0.013124811980202683	0.740479121909202	0.001287742367612992		351.07216	NaN	177_challenge_257_	N/A
1	C6H8ClN5O2S	[M - H]-	C6H8ClN5O2S	29.233243165982884	29.233243165982884	0.0	11	0.955392193053695	-0.18840179729499484	0.8528456148147242	0.0018229349992049959		248.00145	NaN	178_challenge_258_	N/A
1	C7H5NO3S2	[M - H]-	C7H5NO3S2	3.176991624027176	3.176991624027176	0.0	3	1.0	-0.05551869313238391	0.05551869313238391	0.0021129301110534055		213.96381	NaN	179_challenge_259_	N/A
1	C37H58O12	[M + Na]+	C37H58O12	14.620075085574776	14.620075085574776	0.0	10	0.7338186353641563	-0.018038851166711292	0.9734490349063145	-9.758962943464171E-4		717.38205	NaN	180_challenge_26_	N/A
1	C13H12F2N6O	[M - H]-	C13H12F2N6O	9.109633546590167	9.109633546590167	0.0	5	0.9893453090833575	-1.355274972701475	2.36137664864381	0.0014817938502604574		305.09679	NaN	181_challenge_260_	N/A
1	C19H24N2O3	[M - H]-	C19H24N2O3	26.931063790611955	26.931063790611955	0.0	16	0.9777311906411683	-0.1739989318607325	0.44056941692298823	0.0013818155356962747		327.17142	NaN	182_challenge_261_	N/A
1	C20H22N8O6	[M - H]-	C20H22N8O6	16.071094203684815	16.071094203684815	0.0	17	0.9248032647065215	0.40901306038064145	1.0134617129659813	9.636188937298142E-4		469.15895	NaN	183_challenge_262_	N/A
1	C10H9FO3	[M - H]-	C10H9FO3	14.639332648736977	14.639332648736977	0.0	3	1.0	0.2206067963820802	0.7824165444486323	0.002317862757462235		195.04630	NaN	184_challenge_263_	N/A
1	C12H13N3O4S	[M - H]-	C12H13N3O4S	9.310676545313946	9.310676545313946	0.0	3	0.9616095849889835	0.31463041716998125	0.33856224610926083	0.0015374334285247176		294.05540	NaN	185_challenge_264_	N/A
1	C22H24ClN5O2	[M - H]-	C22H24ClN5O2	4.373976474194797	4.373976474194797	0.0	6	0.9130299708551746	-0.3181922482116053	0.6302495000611495	0.0010658627094453773		424.15458	NaN	186_challenge_265_	N/A
1	C12H14N4O4S	[M - H]-	C12H14N4O4S	2.2101092833421507	2.2101092833421507	0.0	5	0.8009362517168815	0.325250789330737	1.1363155025013951	0.0014627625311496805		309.06630	NaN	187_challenge_266_	N/A
1	C10H8O6S	[M - H]-	C10H8O6S	10.409497724858463	10.409497724858463	0.0	4	0.9999999999999998	-0.956195572786035	0.956195572786035	0.0017729259977593444		254.99688	NaN	188_challenge_267_	N/A
1	C17H19N3O3S	[M - H]-	C17H19N3O3S	8.455432483317972	8.455432483317972	0.0	4	1.0	-0.12426994966523501	0.32204644226909507	0.0013138063826015878		344.10744	NaN	189_challenge_268_	N/A
1	C10H10O4	[M - H]-	C10H10O4	19.340429406307404	19.340429406307404	0.0	6	0.9431705701548742	-0.42963970826998304	0.8542232366571121	0.0023418236955518998		193.05063	NaN	190_challenge_269_	N/A
1	C30H34O8	[M + Na]+	C30H34O8	41.978129224032465	41.978129224032465	0.0	13	0.8708443567196444	-0.7636413569232902	1.9598176714611313	-0.0012840643126959311		545.21459	NaN	191_challenge_27_	N/A
1	C20H28N2O5	[M - H]-	C20H28N2O5	8.121748601310298	8.121748601310298	0.0	7	0.9866747258998144	-1.8140689984697929	2.6772804121426295	0.0012049560982939909		375.19255	NaN	192_challenge_270_	N/A
1	C6H5BrO	[M - H]-	C6H5BrO	-0.6096086381852315	-0.6096086381852315	0.0	1	0.0	-0.0025031982176487	0.0025031982176487	0.002644653423847971		170.94510	NaN	193_challenge_271_	N/A
1	C15H12N2O2	[M - H]-	C15H12N2O2	15.158169608720863	15.158169608720863	0.0	5	0.8770388310351007	0.4646583355892825	0.4646583355892825	0.001800565006926849		251.08260	NaN	194_challenge_272_	N/A
1	C23H32N6O4S	[M - H]-	C23H32N6O4S	19.59729638867979	19.59729638867979	0.0	10	0.9268562860887729	-1.5333536656807043	1.835740334595474	9.279109328921924E-4		487.21330	NaN	195_challenge_273_	N/A
1	C28H27NO4S	[M - H]-	C28H27NO4S	29.91756032749176	29.91756032749176	0.0	15	0.9074541207230635	-0.10059489217735974	0.49336957316075325	9.574966860451208E-4		472.15880	NaN	196_challenge_274_	N/A
1	C8H8BrNO	[M - H]-	C8H8BrNO	1.9022722193422033	1.9022722193422033	0.0	2	1.0	0.16366198394663345	0.16366198394663345	0.002132787787345693		211.97165	NaN	197_challenge_275_	N/A
1	C13H10O5	[M - H]-	C13H10O5	26.226482456577287	26.226482456577287	0.0	8	0.980100196521276	-0.27203798775368293	0.27203798775368293	0.001844924666103685		245.04555	NaN	198_challenge_276_	N/A
1	C9H10O3	[M - H]-	C9H10O3	8.264917092826854	8.264917092826854	0.0	4	1.0	-0.4045037203875864	0.4045037203875864	0.002739017949447925		165.05572	NaN	199_challenge_277_	N/A
1	C6H5IO	[M - H]-	C6H5IO	8.10734761724257	8.10734761724257	0.0	2	1.0	-1.1215977081006885	1.41242908092574	0.002064988774473632		218.93124	NaN	200_challenge_278_	N/A
1	C16H13N3O3	[M - H]-	C16H13N3O3	10.57970376604598	10.57970376604598	0.0	2	0.9839490501487718	0.5054799420300529	0.5054799420300529	0.0015372608361722228		294.08842	NaN	201_challenge_279_	N/A
1	C58H104O28	[M + H3N + H]+	C58H107NO28	43.63972167442375	43.63972167442375	0.0	15	0.987180675134301	-0.0706395299830673	0.42914467508826437	0.003514558531289228		1266.70524	NaN	202_challenge_28_	N/A
1	C6H4Cl2O	[M - H]-	C6H4Cl2O	5.968320638819604	5.968320638819604	0.0	2	0.9651903021174785	-1.689052626565165	2.039110067804513	0.002808772193516792		160.95664	NaN	203_challenge_280_	N/A
1	C9H9NOS2	[M - H]-	C9H9NOS2	7.38698415463511	7.38698415463511	0.0	3	1.0	-0.3000335944150581	0.3000335944150581	0.0021527579998483017		210.00528	NaN	204_challenge_281_	N/A
1	C12H10O2S	[M - H]-	C12H10O2S	5.2657244822432805	5.2657244822432805	0.0	2	1.0	-2.094927409513681	2.2142277116708238	0.002083050999756932		217.03287	NaN	205_challenge_282_	N/A
1	C24H30O8	[M - H]-	C24H30O8	5.971515595896705	5.971515595896705	0.0	6	0.988891463832382	-0.1356506218235089	0.1356506218235089	0.0010155074177720677		445.18679	NaN	206_challenge_283_	N/A
1	C10H12O3	[M - H]-	C10H12O3	7.441613183668153	7.441613183668153	0.0	3	1.0	0.054641055144850514	0.12844361607666513	0.002524639082100642		179.07137	NaN	207_challenge_284_	N/A
1	C15H18N4O7S	[M - H]-	C15H18N4O7S	5.0345764801621025	5.0345764801621025	0.0	3	1.0	-2.375996230084208	2.375996230084208	0.0011385309703620704		397.08234	NaN	208_challenge_285_	N/A
1	C8H6Cl2O3	[M - H]-	C8H6Cl2O3	11.732743666934327	11.732743666934327	0.0	3	1.0	-0.27122783067603495	0.27122783067603495	0.0020646974887143996		218.96212	NaN	209_challenge_286_	N/A
1	C33H30N4O2	[M - H]-	C33H30N4O2	39.19383330405328	39.19383330405328	0.0	13	0.9759638789053352	0.18143301170174708	0.3829386151291285	8.808737635411817E-4		513.22960	NaN	210_challenge_287_	N/A
1	C12H14O4	[M - H]-	C12H14O4	35.82260748660222	35.82260748660222	0.0	10	0.9921099172480412	-0.32744959733353207	0.32744959733353207	0.0020449004599555477		221.08193	NaN	211_challenge_288_	N/A
1	C9H9ClO3	[M - H]-	C9H9ClO3	10.292774574543976	10.292774574543976	0.0	3	0.9913780938956692	-0.46855788375878893	0.46855788375878893	0.0022716206339895013		199.01675	NaN	212_challenge_289_	N/A
1	C33H42O18	[M - H]-	C33H42O18	35.55421958562277	35.55421958562277	0.0	15	0.9378124829435459	-8.924073346489584	8.924073346489584	6.233759375951676E-4		725.22984	NaN	213_challenge_29_	N/A
1	C15H12O4	[M - H]-	C15H12O4	42.233440188791796	42.233440188791796	0.0	13	0.9775243249311113	-0.44798668861163576	0.4594007663309089	0.0017724433870915863		255.06628	NaN	214_challenge_290_	N/A
1	C6H4Br2O	[M - H]-	C6H4Br2O	3.3067780181281217	3.3067780181281217	0.0	2	1.0	0.3227265372277738	0.3227265372277738	0.0018166781169882476		248.85561	NaN	215_challenge_291_	N/A
1	C14H8O3	[M - H]-	C14H8O3	6.1049158161831	6.1049158161831	0.0	2	1.0	-0.287664168164596	0.287664168164596	0.0020269477971954003		223.04007	NaN	216_challenge_292_	N/A
1	C23H36O7	[M - H]-	C23H36O7	54.46439864170456	54.46439864170456	0.0	16	0.6780999935060652	-0.14073352127983946	0.470140288036743	0.0010681686161084466		423.23883	NaN	217_challenge_293_	N/A
1	C14H8O4	[M - H]-	C14H8O4	13.782173896239657	13.782173896239657	0.0	7	1.0000000000000002	0.07411504811117582	0.27313937200787053	0.0018913154098102705		239.03498	NaN	218_challenge_294_	N/A
1	C15H10O2	[M - H]-	C15H10O2	13.926810283481977	13.926810283481977	0.0	2	1.0	0.06676033001807996	0.08081940093434506	0.002045095915023321		221.06080	NaN	219_challenge_295_	N/A
1	C12H11O4P	[M - H]-	C12H11O4P	0.1252422560110409	0.1252422560110409	0.0	3	1.0	0.2955156612269991	0.3252192207118516	0.0018153897809247675		249.03222	NaN	220_challenge_296_	N/A
1	C15H11I4NO4	[M - H]-	C15H11I4NO4	0.7752299822879816	0.7752299822879816	0.0	3	0.9804162178243454	-0.6747378449971649	2.5340267890264285	5.828317592109591E-4		775.67942	NaN	221_challenge_297_	N/A
1	C9H8Cl2O3	[M - H]-	C9H8Cl2O3	12.871214614938193	12.871214614938193	0.0	3	1.0	-0.7426632836803287	0.7426632836803287	0.0019404880045375227		232.97777	NaN	222_challenge_298_	N/A
1	C24H20N6O3	[M - H]-	C24H20N6O3	12.944139122817228	12.944139122817228	0.0	21	0.8888303873020221	-0.22653167189060303	0.3205273211774433	0.0010294619908585501		439.15241	NaN	223_challenge_299_	N/A
1	C22H40N2O7	[M + Na]+	C22H40N2O7	34.46588117319201	34.46588117319201	0.0	11	0.9815670417240953	-1.0851517807406235	1.1047353150350856	-0.0014982480918010043		467.27277	NaN	224_challenge_3_	N/A
1	C26H32O12	[M - H]-	C26H32O12	117.15308961105754	117.15308961105754	0.0	50	0.9202187802171593	-9.054433402985277	9.054433402985277	8.447414237078371E-4		535.18210	NaN	225_challenge_30_	N/A
1	C11H11F3N2O3	[M - H]-	C11H11F3N2O3	24.18875861435347	24.18875861435347	0.0	18	0.956589785265037	-0.28551814223528704	0.36034416313705014	0.0016435777334699157		275.06490	NaN	226_challenge_300_	N/A
1	C13H11Cl2NO2	[M - H]-	C13H11Cl2NO2	11.848937268148804	11.848937268148804	0.0	7	0.951976144976401	-0.38119278144812757	1.245025610034787	0.0016031046852617648		282.00941	NaN	227_challenge_301_	N/A
1	C18H20N2O6	[M - H]-	C18H20N2O6	30.375548258544146	30.375548258544146	0.0	34	0.975373179845749	-0.12756221004519883	0.49911381960514783	0.001258866991809754		359.12486	NaN	228_challenge_302_	N/A
1	C14H8O5	[M - H]-	C14H8O5	8.173637442908284	8.173637442908284	0.0	3	0.9215711676077715	0.07803242022267454	0.40425083541251894	0.001772696487207018		255.02990	NaN	229_challenge_303_	N/A
1	C14H9ClF2N2O2	[M - H]-	C14H9ClF2N2O2	12.307846879943574	12.307846879943574	0.0	5	0.8398273227400996	0.23050869930269602	0.37150433693806456	0.001462959038148834		309.02479	NaN	230_challenge_304_	N/A
1	C17H14F3N3O2S	[M - H]-	C17H14F3N3O2S	13.470429829248324	13.470429829248324	0.0	15	0.841868444620654	0.34107318646420515	0.401133866611884	0.0011894969094909833		380.06861	NaN	231_challenge_305_	N/A
1	C27H29N5O6S	[M - H]-	C27H29N5O6S	22.061828913478287	22.061828913478287	0.0	20	0.9631691935004804	0.05799227933956488	0.6397749557121478	8.217188935957141E-4		550.17658	NaN	232_challenge_306_	N/A
1	C12H4Cl2F6N4	[M - H]-	C12H4Cl2F6N4	46.41371248722176	46.41371248722176	0.0	14	0.9936428581018282	0.11941563520639904	0.30129581114282533	0.0011683001093293242		386.96444	NaN	233_challenge_307_	N/A
1	C18H22O5S	[M - H]-	C18H22O5S	1.2297414939682267	1.2297414939682267	0.0	2	0.9917085471927934	-0.5049790052432257	0.5049790052432257	0.001294974591159634		349.11152	NaN	234_challenge_308_	N/A
1	C14H11Cl2NO2	[M - H]-	C14H11Cl2NO2	13.355321000459554	13.355321000459554	0.0	4	1.0	0.042196866822361	0.1075987379605433	0.0015376739347387003		294.00941	NaN	235_challenge_309_	N/A
1	C11H16O4	[M - H]-	C11H16O4	15.100760242839181	15.100760242839181	0.0	2	0.1466812731628308	-20.631610926779306	20.631610926779306	0.0021416187713975943		211.09758	NaN	236_challenge_31_	N/A
1	C23H28ClN3O5S	[M - H]-	C23H28ClN3O5S	34.16175926873653	34.16175926873653	0.0	13	0.9904453050656702	0.00641578068506045	0.17446861891994422	9.186282793702969E-4		492.13654	NaN	237_challenge_310_	N/A
1	C19H16ClNO4	[M - H]-	C19H16ClNO4	40.46837436722114	40.46837436722114	0.0	15	0.8651760810570239	0.1493093541710796	0.3809410564494866	0.001269669040356594		356.06951	NaN	238_challenge_311_	N/A
1	C33H35FN2O5	[M - H]-	C33H35FN2O5	23.291273060926326	23.291273060926326	0.0	9	0.9039049511751975	-0.16396899341847965	0.26506727304570343	8.112944720327773E-4		557.24572	NaN	239_challenge_312_	N/A
1	C12H4Cl2F6N4S	[M - H]-	C12H4Cl2F6N4S	32.94797568254118	32.94797568254118	0.0	16	0.9999999999999998	0.07134721192976148	0.3077093382238939	0.0010791385550633723		418.93652	NaN	240_challenge_313_	N/A
1	C24H34N4O5S	[M - H]-	C24H34N4O5S	13.751471500290972	13.751471500290972	0.0	6	0.9723541834747943	0.282392823698459	0.282392823698459	9.241089916688269E-4		489.21772	NaN	241_challenge_314_	N/A
1	C13H7Cl2NO5	[M - H]-	C13H7Cl2NO5	53.505608577099274	53.505608577099274	0.0	16	0.8649248200888074	-3.9340852002783055	3.9340852002783055	0.0013869388612742948		325.96285	NaN	242_challenge_315_	N/A
1	C6HF11O2	[M - H]-	C6HF11O2	8.890100265504813	8.890100265504813	0.0	2	0.9913083508976791	0.03471689478402881	0.39653730105975504	0.0014445043895111444		312.97281	NaN	243_challenge_316_	N/A
1	C8HCl3N2O	[M - H]-	C8HCl3N2O	1.5564561967936146	1.5564561967936146	0.0	5	0.8981110315035354	-0.010662100359399204	0.34522798702089885	0.0018459594341049721		244.90817	NaN	244_challenge_317_	N/A
1	C13H9Cl3N2O	[M - H]-	C13H9Cl3N2O	9.022364745279557	9.022364745279557	0.0	3	0.9106792498546802	-0.8005620307099084	0.8005620307099084	0.001444513822331914		312.97077	NaN	245_challenge_318_	N/A
1	C16H12N2O4S	[M - H]-	C16H12N2O4S	12.841771023841579	12.841771023841579	0.0	11	0.9636607526568606	-0.35028835703413513	0.715833293791774	0.0013823515971441399		327.04450	NaN	246_challenge_319_	N/A
1	C10H18O3	[M - H]-	C10H18O3	49.205673647975594	49.205673647975594	0.0	8	0.9438915029279681	-8.039447666561337	8.039447666561337	0.002442170923837217		185.11832	NaN	247_challenge_32_	N/A
1	C15H12Br4O2	[M - H]-	C15H12Br4O2	-0.28603524255553614	-0.28603524255553614	0.0	2	0.20034399206558448	2.046788723304263	2.046788723304263	8.391471776019934E-4		538.74980	NaN	248_challenge_320_	N/A
1	C8H2F17NO2S	[M - H]-	C8H2F17NO2S	1.0361991015503973	1.0361991015503973	0.0	2	0.19836714496452734	0.32127570644581305	0.47681808618358157	9.079104199784023E-4		497.94620	NaN	249_challenge_321_	N/A
1	C6HBr5O	[M - H]-	C6HBr5O	-0.6175221566467546	-0.6175221566467546	0.0	1	0.0	-0.10091423804042761	0.10091423804042761	9.368061374409973E-4		482.58715	NaN	250_challenge_322_	N/A
1	C21H11ClF6N2O3	[M - H]-	C21H11ClF6N2O3	31.257655801035543	31.257655801035543	0.0	17	0.8860492405097702	0.20971053540390044	0.3604004349451885	9.282621373290632E-4		487.02896	NaN	251_challenge_323_	N/A
1	C13H6Cl6O2	[M - H]-	C13H6Cl6O2	17.675031022199086	17.675031022199086	0.0	6	0.9999999999999999	-0.3306825898154415	0.3306825898154415	0.001122251034113489		402.84262	NaN	252_challenge_324_	N/A
1	C13H7Cl4NO2	[M - H]-	C13H7Cl4NO2	2.891535158171861	2.891535158171861	0.0	6	0.984454681360648	-0.14185167147571365	0.3998548645457891	0.0012994251172286746		347.91581	NaN	253_challenge_325_	N/A
1	C13H7Cl4NO2	[M - H]-	C13H7Cl4NO2	7.790414109306366	7.790414109306366	0.0	6	0.986477418991922	-0.6001470593367868	0.6001470593367868	0.0012994252806113567		347.91581	NaN	254_challenge_326_	N/A
1	C8H5F13O3S	[M - H]-	C8H5F13O3S	0.5181846119724494	0.5181846119724494	0.0	2	1.0	0.26165216200698416	0.26165216200698416	0.001058839646039788		426.96791	NaN	255_challenge_327_	N/A
1	C36H62O11	[M - H]-	C36H62O11	4.884647628787618	4.884647628787618	0.0	2	0.32945914566300616	-1.5345431528885705	1.5345431528885705	6.753444291958419E-4		669.42194	NaN	256_challenge_328_	N/A
1	C10HF19O2	[M - H]-	C10HF19O2	11.869889607930789	11.869889607930789	0.0	6	0.995688864286527	0.10247262399378293	0.2340445787309538	8.813368847575734E-4		512.96004	NaN	257_challenge_329_	N/A
1	C23H32N6O5S	[M + H]+	C23H32N6O5S	69.10390651706845	69.10390651706845	0.0	35	0.9581939560962474	-1.154609838714287	1.450631815987076	-8.948341887657978E-4		505.22277	NaN	258_challenge_33_	N/A
1	C18H30O3S	[M - H]-	C18H30O3S	1.0556473741570764	1.0556473741570764	0.0	4	0.8514727339407835	-0.24304332337719836	0.36257729023468055	0.0013902594943395808		325.18429	NaN	259_challenge_330_	N/A
1	C6H10N6	[M + H]+	C6H10N6	15.994253916513255	15.994253916513255	0.0	17	0.9917809423640067	-0.2185179715805852	0.5218897533810977	-0.0027054446729577195		167.10397	NaN	260_challenge_331_	N/A
1	C7H10N2	[M + H]+	C7H10N2	5.243277912794481	5.243277912794481	0.0	4	0.9029924310551017	-1.287918921501644	1.287918921501644	-0.0036727953748210427		123.09167	NaN	261_challenge_332_	N/A
1	C4H7N3O	[M + H]+	C4H7N3O	8.300695847103212	8.300695847103212	0.0	5	0.98498345730772	1.5236126208684007	1.5236126208684007	-0.003963405288338077		114.06619	NaN	262_challenge_333_	N/A
1	C7H6N2	[M + H]+	C7H6N2	9.047699808632323	9.047699808632323	0.0	3	0.17713380374321197	-0.6269435784363541	0.6269435784363541	-0.0037971536305809067		119.06037	NaN	263_challenge_334_	N/A
1	C6H13N	[M + H]+	C6H13N	17.36222969255631	17.36222969255631	0.0	4	1.0	1.694930022543285	1.7355172724685664	-0.0045158441700752176		100.11208	NaN	264_challenge_335_	N/A
1	C7H6N2O3	[M + H]+	C7H6N2O3	24.747859743359	24.747859743359	0.0	10	0.9989329971306192	0.36763544816696275	0.6731190966766741	-0.002706397667783902		167.04512	NaN	265_challenge_336_	N/A
1	C9H9N3O2	[M + H]+	C9H9N3O2	15.346929782881428	15.346929782881428	0.0	3	1.0	-0.23887517084710547	0.23887517084710547	-0.0023536973651531582		192.07675	NaN	266_challenge_337_	N/A
1	C6H6N2O2	[M + H]+	C6H6N2O2	36.267627128680616	36.267627128680616	0.0	10	1.0000000000000002	-1.0341792450102953	1.1778425654962645	-0.003251275691613178		139.05020	NaN	267_challenge_338_	N/A
1	C7H6N2S	[M + H]+	C7H6N2S	17.21055475018891	17.21055475018891	0.0	7	1.0000000000000002	-0.4202544675913993	0.4202544675913993	-0.0029933339538905615		151.03245	NaN	268_challenge_339_	N/A
1	C36H75N	[M + H]+	C36H75N	0.6776421671001198	0.6776421671001198	0.0	1	0.0	-1.1656257785368564	1.1656257785368564	-8.65083980139214E-4		522.59723	NaN	269_challenge_34_	N/A
1	C9H9NO4	[M + H]+	C9H9NO4	51.06521021252423	51.06521021252423	0.0	13	0.997203505474128	-0.45138708720798054	0.45138708720798054	-0.0023058734373060273		196.06043	NaN	270_challenge_340_	N/A
1	C9H11NO	[M + H]+	C9H11NO	23.20313214231903	23.20313214231903	0.0	6	0.9999999999999998	-0.42138399509465096	0.42138399509465096	-0.00301210280630893		150.09134	NaN	271_challenge_341_	N/A
1	C9H17N5O	[M + H]+	C9H17N5O	41.63369181026891	41.63369181026891	0.0	16	0.9944886115243197	0.13752453319617625	0.4039597292311908	-0.0021309889098437215		212.15059	NaN	272_challenge_342_	N/A
1	C13H18Br2N2O	[M + H]+	C13H18Br2N2O	23.8171206493934	23.8171206493934	0.0	7	0.972265556673953	0.943197353748338	0.943197353748338	-0.0011992241360452185		376.98586	NaN	273_challenge_343_	N/A
1	C7H6N4	[M + H]+	C7H6N4	11.18174890668704	11.18174890668704	0.0	2	0.9736747158761357	-0.7803155017491102	0.7803155017491102	-0.003074054785507951		147.06652	NaN	274_challenge_344_	N/A
1	C9H15NO3S	[M + H]+	C9H15NO3S	30.356465698970396	30.356465698970396	0.0	7	1.0000000000000002	-0.11904433789465291	0.18704717903430243	-0.002073005804106047		218.08454	NaN	275_challenge_345_	N/A
1	C13H12N4	[M + H]+	C13H12N4	8.744737504686006	8.744737504686006	0.0	8	0.9401143034559204	0.4830385383513913	0.7655055615336585	-0.0020082784985927006		225.11347	NaN	276_challenge_346_	N/A
1	C19H19ClN2	[M + H]+	C19H19ClN2	32.12516874519265	32.12516874519265	0.0	19	0.9813997524708232	-0.18343773838836558	0.20911234991880806	-0.001453055515716896		311.13095	NaN	277_challenge_347_	N/A
1	C18H19N3O	[M + H]+	C18H19N3O	11.03048043216858	11.03048043216858	0.0	9	0.9881606830111487	0.13107182781476928	0.295032168434029	-0.001536885891666241		294.16009	NaN	278_challenge_348_	N/A
1	C16H22FNO	[M + H]+	C16H22FNO	10.654405026601076	10.654405026601076	0.0	3	0.983155843546411	0.3066286874989123	0.3066286874989123	-0.0017113244839138469		264.17582	NaN	279_challenge_349_	N/A
1	C14H15BrClNO6	[M + H3N + H]+	C14H18BrClN2O6	30.774367910012053	30.774367910012053	0.0	9	0.876089626190932	0.6936270149189248	1.879514029045863	0.010474811367840951		425.01096	NaN	280_challenge_35_	N/A
1	C11H14N4O4	[M + H]+	C11H14N4O4	53.92229018774422	53.92229018774422	0.0	19	0.9956187921875556	0.17452002477013356	0.2810139656352946	-0.0016925334493372243		267.10878	NaN	281_challenge_350_	N/A
1	C9H6N2O3	[M + H]+	C9H6N2O3	31.53034122403437	31.53034122403437	0.0	22	0.8407822650603669	0.1313958500834503	0.20030390588514757	-0.0023664070692848913		191.04512	NaN	282_challenge_351_	N/A
1	C9H9NO	[M + H]+	C9H9NO	28.22241636721636	28.22241636721636	0.0	8	0.9991601143936135	-0.28670974023986096	0.45423576013831335	-0.003053104440122578		148.07569	NaN	283_challenge_352_	N/A
1	C7H5NO3S2	[M + H]+	C7H5NO3S2	37.27532442094636	37.27532442094636	0.0	23	0.9703324704187231	0.17838779008199443	0.2285699860266692	-0.002093221356878224		215.97836	NaN	284_challenge_353_	N/A
1	C23H27FN4O2	[M + H]+	C23H27FN4O2	7.885806646491164	7.885806646491164	0.0	6	1.0	-0.33950152631905983	0.33950152631905983	-0.0010993909766446783		411.21908	NaN	285_challenge_354_	N/A
1	C20H22N8O6	[M + H]+	C20H22N8O6	33.56459328819349	33.56459328819349	0.0	11	0.9607597703635911	0.0771240622375749	0.4655426283446256	-9.59499322129413E-4		471.17351	NaN	286_challenge_355_	N/A
1	C12H10O4S	[M + H]+	C12H10O4S	32.727869482765236	32.727869482765236	0.0	12	0.7817730817814574	0.25293936543081297	0.5101620588869797	-0.0018008902499018187		251.03726	NaN	287_challenge_356_	N/A
1	C22H24ClN5O2	[M + H]+	C22H24ClN5O2	13.649097683451197	13.649097683451197	0.0	6	0.9967756227235225	-0.0018382647812515036	0.14067180088299755	-0.0010608242500439445		426.16913	NaN	288_challenge_357_	N/A
1	C13H18N4O3	[M + H]+	C13H18N4O3	24.188248482290817	24.188248482290817	0.0	16	0.9999999999999999	0.21912240810882333	0.3032660495550856	-0.0016195535538172405		279.14517	NaN	289_challenge_358_	N/A
1	C21H27FO6	[M + H]+	C21H27FO6	180.6562285298701	180.6562285298701	0.0	59	1.0000000000000002	-0.16583416830287392	0.2461412239702217	-0.0011439933435251708		395.18644	NaN	290_challenge_359_	N/A
1	C9H7NO2S2	[M - H]-	C9H7NO2S2	14.689860630480155	14.689860630480155	0.0	4	0.9822205017982826	-10.742151085053207	10.742151085053207	0.0020184006330177446		223.98454	NaN	291_challenge_36_	N/A
1	C21H21ClN4OS	[M + H]+	C21H21ClN4OS	33.78462442862346	33.78462442862346	0.0	13	0.9805301356202967	0.217969241280214	0.3426817858110452	-0.001094332829258855		413.11974	NaN	292_challenge_360_	N/A
1	C17H20N2S	[M + H]+	C17H20N2S	16.408085106175417	16.408085106175417	0.0	9	0.9934217661607441	0.12542353892820748	0.28853090677295523	-0.0015854926781921884		285.14200	NaN	293_challenge_361_	N/A
1	C6H5Cl2N	[M + H]+	C6H5Cl2N	1.5091930745607047	1.5091930745607047	0.0	2	1.0	-0.36130389717171	0.36130389717171	-0.0027909032361762157		161.98718	NaN	294_challenge_362_	N/A
1	C14H14Cl2N2O	[M + H]+	C14H14Cl2N2O	19.977884481764164	19.977884481764164	0.0	23	0.9724627996325146	0.6691513712247861	0.6691513712247861	-0.0015219057026893495		297.05559	NaN	295_challenge_363_	N/A
1	C28H27NO4S	[M + H]+	C28H27NO4S	49.287491011912124	49.287491011912124	0.0	20	0.9936617641095473	0.25188947197954464	0.3250484739168651	-9.534289476214202E-4		474.17336	NaN	296_challenge_364_	N/A
1	C8H8BrNO	[M + H]+	C8H8BrNO	18.776710071493426	18.776710071493426	0.0	4	1.0000000000000002	-0.3490702748139105	0.3490702748139105	-0.002112708867009256		213.98620	NaN	297_challenge_365_	N/A
1	C18H19NOS	[M + H]+	C18H19NOS	15.753791184839343	15.753791184839343	0.0	10	0.8063865252032401	0.16963531153394654	0.6129966406223794	-0.0015164409426293279		298.12601	NaN	298_challenge_366_	N/A
1	C22H24ClN3O	[M + H]+	C22H24ClN3O	17.338062259713606	17.338062259713606	0.0	8	0.9779467565941832	0.4755423215601595	0.4755423215601595	-0.0011829627939015353		382.16807	NaN	299_challenge_367_	N/A
1	C9H6BrNO	[M + H]+	C9H6BrNO	6.793417597006892	6.793417597006892	0.0	4	1.0	1.140904597003177	1.140904597003177	-0.002018526732523118		223.97055	NaN	300_challenge_368_	N/A
1	C18H35NO	[M + H]+	C18H35NO	20.737294450046097	20.737294450046097	0.0	14	0.9404260708650473	0.6836796615493139	0.6836796615493139	-0.0016015726317827278		282.27914	NaN	301_challenge_369_	N/A
1	C10H14O4	[M + CH2O2 - H]-	C11H16O6	11.124922771295473	11.124922771295473	0.0	3	0.07432513296631162	-12.451566010796203	12.451566010796203	-0.0117320327506945		243.08741	NaN	302_challenge_37_	N/A
1	C11H13NO4	[M + H]+	C11H13NO4	25.606733071053306	25.606733071053306	0.0	6	1.0	0.14218884658702394	0.1645293454281802	-0.0020174351747492035		224.09173	NaN	303_challenge_370_	N/A
1	C12H11ClN2O5S	[M + H]+	C12H11ClN2O5S	21.734473155778993	21.734473155778993	0.0	6	0.9545990901429037	0.2843077725447972	0.44931139474901705	-0.0013657704175693243		331.01500	NaN	304_challenge_371_	N/A
1	C6H12Cl3O4P	[M + H]+	C6H12Cl3O4P	34.42873403606778	34.42873403606778	0.0	8	0.9999999999999999	-0.1479062097822966	0.27551723233522213	-0.001586499057792829		284.96115	NaN	305_challenge_372_	N/A
1	C17H19N5	[M + H]+	C17H19N5	14.960068913139764	14.960068913139764	0.0	8	1.0	-0.1208844744329393	0.2090358477004041	-0.0015368272033374694		294.17132	NaN	306_challenge_373_	N/A
1	C10H10O	[M + H]+	C10H10O	29.85029408746788	29.85029408746788	0.0	15	0.9264685168463337	-0.3370357367376731	0.5943147858458181	-0.0030737638767125717		147.08044	NaN	307_challenge_374_	N/A
1	C11H12N2OS	[M + H]+	C11H12N2OS	13.531188800770543	13.531188800770543	0.0	11	0.9876685558796846	0.4170345029025826	0.4304726714912771	-0.0020449709707299276		221.07431	NaN	308_challenge_375_	N/A
1	C12H10OS	[M + H]+	C12H10OS	26.912384776745707	26.912384776745707	0.0	20	0.98634496111162	-0.412552877578789	0.49402081558884603	-0.00222647108382445		203.05251	NaN	309_challenge_376_	N/A
1	C12H10O2S	[M + H]+	C12H10O2S	28.655971070958866	28.655971070958866	0.0	15	0.9131595030396419	0.10859594446748917	0.43413446882662676	-0.0020638934382025036		219.04743	NaN	310_challenge_377_	N/A
1	C13H16N2S	[M + H]+	C13H16N2S	1.471801374077926	1.471801374077926	0.0	3	0.9034240123758351	0.3598954494526021	0.3598954494526021	-0.001939381397062737		233.11070	NaN	311_challenge_378_	N/A
1	C22H18N2	[M + H]+	C22H18N2	18.698184115934687	18.698184115934687	0.0	11	0.9917673210840126	0.17620116026425137	0.3295738197156728	-0.0014529466032513236		311.15427	NaN	312_challenge_379_	N/A
1	C14H24O4	[M + CH2O2 - H]-	C15H26O6	6.357601589254818	6.357601589254818	0.0	2	0.08708029078938198	1.3785176539238984	1.927385008241506	-0.009469570595690056		301.16566	NaN	313_challenge_38_	N/A
1	C12H13NO2	[M + H]+	C12H13NO2	19.023481824512718	19.023481824512718	0.0	5	1.0000000000000002	-0.24207859635421028	0.24207859635421028	-0.0022150236524950463		204.10190	NaN	314_challenge_380_	N/A
1	C22H17ClN2	[M + H]+	C22H17ClN2	25.714248956698277	25.714248956698277	0.0	9	0.992754125483459	0.5418968110445873	0.7469068241381035	-0.0013099694118908606		345.11530	NaN	315_challenge_381_	N/A
1	C29H33ClN2O2	[M + H]+	C29H33ClN2O2	8.538130801185618	8.538130801185618	0.0	5	0.9501460500013384	-0.1234110996452575	0.15284423966140528	-9.473214840733646E-4		477.23033	NaN	316_challenge_382_	N/A
1	C10H15NO2S	[M + H]+	C10H15NO2S	38.204685166352554	38.204685166352554	0.0	12	0.9286881369876668	0.5433788953137859	0.5433788953137859	-0.0021116882465085046		214.08963	NaN	317_challenge_383_	N/A
1	C15H30N6O6	[M + H]+	C15H30N6O6	22.125471804882764	22.125471804882764	0.0	14	0.9895486166051167	0.9883981911470102	0.9883981911470102	-0.0011555621861313254		391.22996	NaN	318_challenge_384_	N/A
1	C9H9NOS2	[M + H]+	C9H9NOS2	9.101835027645977	9.101835027645977	0.0	11	0.9813183105710152	0.3190262304356214	0.3190262304356214	-0.002132303107043782		212.01983	NaN	319_challenge_385_	N/A
1	C21H25ClN2O3	[M + H]+	C21H25ClN2O3	19.444289803975952	19.444289803975952	0.0	7	0.9802895370536742	-0.10026359424096325	0.27068409806206317	-0.0011617006250233268		389.16265	NaN	320_challenge_386_	N/A
1	C15H18N4O7S	[M + H]+	C15H18N4O7S	49.238179326951645	49.238179326951645	0.0	27	0.9676921616607532	0.16007176651872168	0.291555537190219	-0.0011327839202925865		399.09690	NaN	321_challenge_387_	N/A
1	C14H16ClN3O	[M + H]+	C14H16ClN3O	9.449933775903506	9.449933775903506	0.0	3	0.9854362510313093	-0.08633437990257109	0.12130615713409873	-0.001625608274229113		278.10547	NaN	322_challenge_388_	N/A
1	C14H12O6S	[M + H]+	C14H12O6S	31.6996806105097	31.6996806105097	0.0	22	0.930094647225647	0.4427658900412829	0.48496064260026706	-0.0014628738843519165		309.04274	NaN	323_challenge_389_	N/A
1	C47H76O18	[M + CH2O2 - H]-	C48H78O20	33.35243176144205	33.35243176144205	0.0	19	0.9344315458252366	-13.336002206814188	13.336002206814188	-0.0029295381171092114		973.50137	NaN	324_challenge_39_	N/A
1	C12H14O4	[M + H]+	C12H14O4	24.47634565740764	24.47634565740764	0.0	6	1.0	-0.11616806634589512	0.1371603669295684	-0.002026435093669146		223.09648	NaN	325_challenge_390_	N/A
1	C16H13ClN2O2	[M + H]+	C16H13ClN2O2	32.828086698957115	32.828086698957115	0.0	10	0.9749952610978018	-0.3640896467231931	0.3640896467231931	-0.0015015934380041636		301.07383	NaN	326_challenge_391_	N/A
1	C23H32O6	[M + H]+	C23H32O6	152.0489808855808	152.0489808855808	0.0	57	0.9778349901997154	-0.17415559113203677	0.22481402467628106	-0.001115647046452366		405.22716	NaN	327_challenge_392_	N/A
1	C14H31NO	[M + H]+	C14H31NO	4.001143531129549	4.001143531129549	0.0	5	0.8753393625605397	0.27219251285514223	0.27219251285514223	-0.0019634952715763573		230.24784	NaN	328_challenge_393_	N/A
1	C22H23ClN6O	[M + H]+	C22H23ClN6O	34.18307267652973	34.18307267652973	0.0	34	0.9353230006257497	-0.3490468964126726	0.41899344010754125	-0.0010683435722383676		423.16946	NaN	329_challenge_394_	N/A
1	C13H24N4O3S	[M + H]+	C13H24N4O3S	48.50127508678335	48.50127508678335	0.0	50	0.7473598291439636	-0.26026893787123895	0.35966862082923035	-0.00142541486071745		317.16419	NaN	330_challenge_395_	N/A
1	C18H14Cl4N2O	[M + H]+	C18H14Cl4N2O	11.086884332066399	11.086884332066399	0.0	3	0.9279453527906288	-5.785407007306274E-4	0.03437483155969866	-0.0010893923987767514		414.99330	NaN	331_challenge_396_	N/A
1	C17H20O6	[M + H]+	C17H20O6	57.64423294990671	57.64423294990671	0.0	19	0.9967816867251753	-0.12431633221658789	0.2873065030469748	-0.0014077973119144764		321.13326	NaN	332_challenge_397_	N/A
1	C8H10NO5PS	[M + H]+	C8H10NO5PS	31.33301688489955	31.33301688489955	0.0	21	0.945890808726125	0.728936601499217	0.728936601499217	-0.0017124057739405622		264.00901	NaN	333_challenge_398_	N/A
1	C26H29NO	[M + H]+	C26H29NO	25.024590874824092	25.024590874824092	0.0	6	0.9332698393650394	1.4010573355847815	1.4010573355847815	-0.0012145390909549263		372.23219	NaN	334_challenge_399_	N/A
1	C26H36O8	[M + Na]+	C26H36O8	200.62821520838446	200.62821520838446	0.0	51	0.9250469419674561	-1.1487978778638306	1.3987332080979118	-0.0014023403542383706		499.23024	NaN	335_challenge_4_	N/A
1	C15H22O3	[M + H]+	C15H22O3	128.74923888616064	128.74923888616064	0.0	48	0.9369456625048764	-0.8371011033245368	1.2683167039641707	-0.0017999801360816339		251.16417	NaN	336_challenge_40_	N/A
1	C16H16ClNO2S	[M + H]+	C16H16ClNO2S	49.56795297116316	49.56795297116316	0.0	13	0.9942181325728969	-0.021994617911908803	0.3507561564469276	-0.0014037188663165493		322.06630	NaN	337_challenge_400_	N/A
1	C13H18O5S	[M + H]+	C13H18O5S	55.247895060359156	55.247895060359156	0.0	23	0.8244782358164101	0.2600011194338173	0.4340042070555187	-0.0015747083977455457		287.09477	NaN	338_challenge_401_	N/A
1	C12H11O4P	[M + H]+	C12H11O4P	28.10904268367205	28.10904268367205	0.0	17	0.8130014576879899	0.11187519403958117	0.24194525227512234	-0.0018008219890641376		251.04677	NaN	339_challenge_402_	N/A
1	C11H12N2OS2	[M + H]+	C11H12N2OS2	27.401323228279587	27.401323228279587	0.0	13	1.0	0.6432873042252083	0.6432873042252083	-0.0017865916301137794		253.04638	NaN	340_challenge_403_	N/A
1	C20H26O2	[M + H]+	C20H26O2	151.12936809832846	151.12936809832846	0.0	58	0.9948846474859798	0.1399725266064748	0.25013461041641105	-0.0015109950070531862		299.20056	NaN	341_challenge_404_	N/A
1	C24H20N6O3	[M + H]+	C24H20N6O3	59.68767200340426	59.68767200340426	0.0	46	0.8950663063775371	1.1404301438760127	1.1404301438760127	-0.0010247602657974452		441.16696	NaN	342_challenge_405_	N/A
1	C11H15NO2	[M + H]+	C11H15NO2	20.4187538146004	20.4187538146004	0.0	12	0.9899814345559618	-0.24778100978303524	0.29240128997324394	-0.0023289524071351277		194.11755	NaN	343_challenge_406_	N/A
1	C10H15O3PS2	[M + H]+	C10H15O3PS2	32.929767144331855	32.929767144331855	0.0	22	0.9086691554394437	-2.0518378887282585E-4	0.3709978661617983	-0.0016202376900080159		279.02730	NaN	344_challenge_407_	N/A
1	C14H14O4	[M + H]+	C14H14O4	15.871240559073893	15.871240559073893	0.0	4	0.987149821284252	-0.1087944462586254	1.479234363771083	-0.001829611402461111		247.09648	NaN	345_challenge_408_	N/A
1	C14H11N	[M + H]+	C14H11N	21.869649396871594	21.869649396871594	0.0	11	0.7564886837738697	-0.16022988551123388	0.6515508957955266	-0.00232920593726777		194.09643	NaN	346_challenge_409_	N/A
1	C10H14O4	[M + H]+	C10H14O4	149.54840230437694	149.54840230437694	0.0	39	0.974313364780574	0.20159312134064047	0.9693045295016097	-0.0022707108389975845		199.09648	NaN	347_challenge_41_	N/A
1	C21H26O2	[M + H]+	C21H26O2	145.5622115591359	145.5622115591359	0.0	58	0.9911226125699426	-0.13758529979517434	0.23096017160590476	-0.0014527305222029625		311.20056	NaN	348_challenge_410_	N/A
1	C14H10O	[M + H]+	C14H10O	50.68286420812373	50.68286420812373	0.0	15	0.9819283285523338	-0.009771524111189043	0.6126057369719622	-0.002317457066192383		195.08044	NaN	349_challenge_411_	N/A
1	C14H17NO2	[M + H]+	C14H17NO2	32.32182212632381	32.32182212632381	0.0	22	0.9944734897144378	0.20948103565602	0.3202155456263449	-0.0019475479466756994		232.13320	NaN	350_challenge_412_	N/A
1	C32H39NO2	[M + H]+	C32H39NO2	14.637833145290053	14.637833145290053	0.0	9	0.9898240717339146	0.28724534317548067	0.28724534317548067	-9.612703701973535E-4		470.30536	NaN	351_challenge_413_	N/A
1	C24H30O3	[M + H]+	C24H30O3	149.08268232423998	149.08268232423998	0.0	58	0.9947052904834098	-0.17084335554661534	0.28149150102073284	-0.0012310936518131073		367.22677	NaN	352_challenge_414_	N/A
1	C15H10O2	[M + H]+	C15H10O2	31.52287844828232	31.52287844828232	0.0	14	0.9065240874675271	-0.8713188989930067	0.9273178901067407	-0.00202662703460639		223.07536	NaN	353_challenge_415_	N/A
1	C22H28O3	[M + H]+	C22H28O3	133.85360037289976	133.85360037289976	0.0	58	0.9901711318929557	-0.2435565002223625	0.3213634098504614	-0.001324958416744039		341.21112	NaN	354_challenge_416_	N/A
1	C10H12ClNO2	[M + H]+	C10H12ClNO2	48.606073117481145	48.606073117481145	0.0	22	0.8806677349518596	0.7007379373550486	0.9279180191857028	-0.002111951571747581		214.06293	NaN	355_challenge_417_	N/A
1	C14H18ClN3O2	[M + H]+	C14H18ClN3O2	8.971179517122499	8.971179517122499	0.0	5	1.0	0.5915181036227191	1.2463068897962077	-0.0015267342626863185		296.11603	NaN	356_challenge_418_	N/A
1	C18H20N2O6	[M + H]+	C18H20N2O6	73.85164748570966	73.85164748570966	0.0	48	0.9484229718157998	0.13736238541343457	0.4036155878119813	-0.001251845255727731		361.13941	NaN	357_challenge_419_	N/A
1	C11H14O3	[M + Na]+	C11H14O3	3.9073230980907834	3.9073230980907834	0.0	2	0.06479909902247646	6.971020431483135	6.971020431483135	-0.003224982386342002		217.08351	NaN	358_challenge_42_	N/A
1	C12H9NS	[M + H]+	C12H9NS	-0.019363534589596276	-0.019363534589596276	0.0	5	0.9894574963596869	-0.23157859981823659	0.23363877206061526	-0.0022598556067604776		200.05285	NaN	359_challenge_420_	N/A
1	C21H28O2	[M + H]+	C21H28O2	167.9354268780634	167.9354268780634	0.0	57	0.9845059557937916	0.04449862612532976	0.21849244402037074	-0.0014433817199612875		313.21621	NaN	360_challenge_421_	N/A
1	C17H27NO3	[M + H]+	C17H27NO3	19.398191908530773	19.398191908530773	0.0	8	0.9922288593733234	0.7286866062880184	0.7286866062880184	-0.0015366441247109085		294.20637	NaN	361_challenge_422_	N/A
1	C22H27ClO3	[M + H]+	C22H27ClO3	90.29321954605949	90.29321954605949	0.0	57	0.9698290068584605	-0.021599907180661095	0.2873065030469748	-0.0012050214585814117		375.17215	NaN	362_challenge_423_	N/A
1	C16H12O	[M + H]+	C16H12O	15.17136114186672	15.17136114186672	0.0	5	0.98766402644262	0.03864342009310186	0.13182669632045255	-0.0020447695130175313		221.09609	NaN	363_challenge_424_	N/A
1	C24H29N5O3	[M + H]+	C24H29N5O3	56.1585400312368	56.1585400312368	0.0	34	0.929539430142062	0.047111406507223653	0.27941646217357596	-0.001036347836763524		436.23432	NaN	364_challenge_425_	N/A
1	C21H16ClFN4O5	[M + H]+	C21H16ClFN4O5	54.17893412375206	54.17893412375206	0.0	47	0.9088850262897257	0.5940247390364332	0.6409408594934232	-9.847608011210774E-4		459.08660	NaN	365_challenge_426_	N/A
1	C17H20N2O	[M + H]+	C17H20N2O	14.73956679492372	14.73956679492372	0.0	5	0.9890696022658463	-0.8241995849561481	0.8241995849561481	-0.0016796045528525098		269.16484	NaN	366_challenge_427_	N/A
1	C14H9ClF2N2O2	[M + H]+	C14H9ClF2N2O2	10.387376617735796	10.387376617735796	0.0	4	0.9952605476179606	-0.17546464092018102	0.17546464092018102	-0.0014534833211371355		311.03934	NaN	367_challenge_428_	N/A
1	C16H12O	[M + H]+	C16H12O	13.089116896535899	13.089116896535899	0.0	5	0.9722496263395675	0.408898925808286	0.49093521044941574	-0.0020447695130175313		221.09609	NaN	368_challenge_429_	N/A
1	C41H66O14	[M + Na]+	C41H66O14	3.5	3.5	0.0	1	0.0	NaN	NaN	-8.692083441577955E-4		805.43448	NaN	369_challenge_43_	N/A
1	C27H29N5O6S	[M + H]+	C27H29N5O6S	58.20258847662188	58.20258847662188	0.0	48	0.9340908548494223	-0.00688996038150189	0.32360535527311174	-8.187210268270311E-4		552.19113	NaN	370_challenge_430_	N/A
1	C17H14F3N3O2S	[M + H]+	C17H14F3N3O2S	17.796017101067626	17.796017101067626	0.0	24	0.7769291849683565	0.12067584471589562	0.2776897225829391	-0.0011832258243829842		382.08316	NaN	371_challenge_431_	N/A
1	C21H28O2	[M + H]+	C21H28O2	171.96244160917706	171.96244160917706	0.0	59	1.0	0.10194474647123569	0.24194525227512234	-0.0014433817199612875		313.21621	NaN	372_challenge_432_	N/A
1	C22H32O3	[M + H]+	C22H32O3	160.85199458380492	160.85199458380492	0.0	57	0.990636418525745	-0.254550044659567	0.4445389224600502	-0.0013094872442811116		345.24242	NaN	373_challenge_433_	N/A
1	C23H28ClN3O5S	[M + H]+	C23H28ClN3O5S	42.24594848088603	42.24594848088603	0.0	22	0.9655196001038072	0.08453531167414477	0.3613776435219471	-9.148832215253267E-4		494.15110	NaN	374_challenge_434_	N/A
1	C11H20N3O3PS	[M + H]+	C11H20N3O3PS	17.822515587945205	17.822515587945205	0.0	19	0.8820801697751185	0.08827168118399259	0.31658935151515816	-0.0014769203626052		306.10358	NaN	375_challenge_435_	N/A
1	C17H19NO4	[M + H]+	C17H19NO4	27.073505063249502	27.073505063249502	0.0	10	0.9921427921679253	0.5132794630416981	0.7261228961270897	-0.0014963014342137477		302.13868	NaN	376_challenge_436_	N/A
1	C24H32O4	[M + H]+	C24H32O4	127.29726348056329	127.29726348056329	0.0	57	0.9920255961926964	-0.15636268340119544	0.2322494769252974	-0.0011735378726578634		385.23734	NaN	377_challenge_437_	N/A
1	C18H16F3NO4	[M + H]+	C18H16F3NO4	30.631589262492337	30.631589262492337	0.0	14	0.9968311768095038	0.5303705803104986	0.5303705803104986	-0.0012281382611892386		368.11042	NaN	378_challenge_438_	N/A
1	C33H35FN2O5	[M + H]+	C33H35FN2O5	73.62749459710209	73.62749459710209	0.0	47	0.9585362666251516	0.13616144087265306	0.33277954289598854	-8.083724559404677E-4		559.26028	NaN	379_challenge_439_	N/A
1	C40H50O21	[M - H]-	C40H50O21	45.94779563730995	45.94779563730995	0.0	26	0.9362038522161515	-8.208299075971413	8.208299075971413	5.224806712305163E-4		865.27718	NaN	380_challenge_44_	N/A
1	C24H34O4	[M + H]+	C24H34O4	153.5342125414784	153.5342125414784	0.0	56	0.9650479877827115	-0.038066198207552256	0.2886569430356964	-0.001167429613260819		387.25299	NaN	381_challenge_440_	N/A
1	C24H34N4O5S	[M + H]+	C24H34N4O5S	40.55216732192237	40.55216732192237	0.0	20	0.8727068343546444	0.35152362183598246	0.5320718044402929	-9.203194361878669E-4		491.23227	NaN	382_challenge_441_	N/A
1	C9H15Cl6O4P	[M + H]+	C9H15Cl6O4P	2.7530436524414346	2.7530436524414346	0.0	4	0.9109264588390783	0.4888208951328589	0.6206418079470001	-0.0010540914789794634		428.89119	NaN	383_challenge_442_	N/A
1	C12H14Cl3O4P	[M + H]+	C12H14Cl3O4P	15.638610045179146	15.638610045179146	0.0	9	1.0	-0.33481571002574984	0.33481571002574984	-0.0012593865133949315		358.97680	NaN	384_challenge_443_	N/A
1	C14H20N3O5PS	[M + H]+	C14H20N3O5PS	40.98850183035618	40.98850183035618	0.0	30	0.9235663547775902	-0.3679037042731177	0.41014044138480255	-0.0012084964371229202		374.09340	NaN	385_challenge_444_	N/A
1	C16H33NO3	[M + H]+	C16H33NO3	43.81546094777727	43.81546094777727	0.0	12	0.9823200017031278	0.019394941924238858	0.4205426546212425	-0.001568379321577537		288.25332	NaN	386_challenge_445_	N/A
1	C19H11N	[M + H]+	C19H11N	1.8071600866847763	1.8071600866847763	0.0	3	1.0	-0.10155236571930856	0.10155236571930856	-0.001779208604395152		254.09643	NaN	387_challenge_446_	N/A
1	C12H27O4P	[M + H]+	C12H27O4P	11.592049368510486	11.592049368510486	0.0	5	0.9950734813991208	0.4774971244408227	0.4774971244408227	-0.001692133134295705		267.17197	NaN	388_challenge_447_	N/A
1	C15H31NO2	[M + H]+	C15H31NO2	38.973152198609796	38.973152198609796	0.0	16	1.0	0.2422541606256369	0.30258350996200345	-0.0017506417398861003		258.24276	NaN	389_challenge_448_	N/A
1	C16H12N2O4S	[M + H]+	C16H12N2O4S	31.48067683215086	31.48067683215086	0.0	20	0.8743724345480721	0.27385436786480527	0.4214485455017254	-0.0013738889657252727		329.05905	NaN	390_challenge_449_	N/A
1	C15H22O3	[M - H]-	C15H22O3	9.930367126778997	9.930367126778997	0.0	3	0.3174187280502039	-4.382320017108862	4.382320017108862	0.0018145344847795063		249.14962	NaN	391_challenge_45_	N/A
1	C20H21ClO4	[M + H]+	C20H21ClO4	23.654024806221493	23.654024806221493	0.0	9	0.9909577425241406	-0.13560313931747472	0.3068401030920859	-0.0012519118439206125		361.12011	NaN	392_challenge_450_	N/A
1	C13H19N3O4	[M + H]+	C13H19N3O4	170.75442946568816	170.75442946568816	0.0	48	0.5996662308779439	0.7701261754433099	1.1428859483276346	-0.0016023350241315898		282.14483	NaN	393_challenge_451_	N/A
1	C9H22O4P2S4	[M + H]+	C9H22O4P2S4	27.40110735848497	27.40110735848497	0.0	17	0.9605801689543705	0.07701419483245946	0.16978150737588973	-0.0011742768853524655		384.99489	NaN	394_challenge_452_	N/A
1	C21H21O4P	[M + H]+	C21H21O4P	37.02522584409598	37.02522584409598	0.0	31	0.9562297909108429	0.1411033111255116	0.42427180468993075	-0.0012247626675368733		369.12502	NaN	395_challenge_453_	N/A
1	C20H26O4	[M + H]+	C20H26O4	24.020851693609888	24.020851693609888	0.0	8	0.9905961158360493	-0.34569718211078626	0.34569718211078626	-0.001365047315327207		331.19039	NaN	396_challenge_454_	N/A
1	C21H11ClF6N2O3	[M + H]+	C21H11ClF6N2O3	7.074337173817069	7.074337173817069	0.0	4	0.9798952388655039	-0.1036896020244347	0.2829102891710061	-9.244382805819394E-4		489.04352	NaN	397_challenge_455_	N/A
1	C20H30O2	[M + H]+	C20H30O2	112.03364686476927	112.03364686476927	0.0	30	0.9962546980476563	0.27488649786746544	0.5673781215992582	-0.001490907162584354		303.23186	NaN	398_challenge_456_	N/A
1	C29H53NO5	[M + H]+	C29H53NO5	143.7210621906671	143.7210621906671	0.0	54	0.9848861195460838	0.495193255540258	0.5667477424656892	-9.107391662374027E-4		496.39965	NaN	399_challenge_457_	N/A
1	C23H46NO7P	[M + H]+	C23H46NO7P	5010.439590938859	5010.439590938859	0.0	6	1.0	0.012872306997131723	0.11055375264794554	-9.412507781776295E-4	LPE(18:1)	480.30847	NaN	400_challenge_458_	N/A
1	C8H15NOS2	[M + H]+	C8H15NOS2	17.853686200914353	17.853686200914353	0.0	4	0.815368196371398	1.9389692451191862	4.229623271997795	-0.002193903072223152		206.06678	NaN	401_challenge_459_	N/A
1	C20H25NO5	[M - H]-	C20H25NO5	52.25071654091015	52.25071654091015	0.0	27	0.9346012859730889	-14.68357126638039	14.68357126638039	0.0012622373240392603		358.16600	NaN	402_challenge_46_	N/A
1	C9H10NO4	[M]-	C9H10NO4	9.557021034496966	9.557021034496966	0.0	3	0.8508014796547472	1.4260952435569239	1.4260952435569239	-2.8124636161335936		195.05316	NaN	403_challenge_460_	N/A
1	C9H11N2O5	[M]-	C9H11N2O5	15.827341259599923	15.827341259599923	0.0	5	0.95203426124197	1.8398393609116859	1.8398393609116859	-2.426711516985842		226.05897	NaN	404_challenge_461_	N/A
1	C11H13N2O3	[M]-	C11H13N2O3	13.795049398888413	13.795049398888413	0.0	6	1.0	1.028361088568972	1.028361088568972	-2.492584352919291		220.08479	NaN	405_challenge_462_	N/A
1	C8H9O4	[M]-	C8H9O4	9.382165477659846	9.382165477659846	0.0	2	0.9066183136899365	2.819738150023341	2.819738150023341	-3.264535442220537		168.04226	NaN	406_challenge_463_	N/A
1	C27H44O	[M + H]+	C27H44O	21.879250739737362	21.879250739737362	0.0	11	0.9596816976127323	-0.12446514025595885	0.1740323113164121	-0.0011732052988287724		385.34649	NaN	407_challenge_464_	N/A
1	C12H22O11	[M + H]+	C12H22O11	3.5	3.5	0.0	1	0.0	NaN	NaN	-0.0013175740502000056		343.12349	NaN	408_challenge_465_	N/A
1	C10H17N3O6S	[M + H]+	C10H17N3O6S	23.21446951765953	23.21446951765953	0.0	7	1.0000000000000002	-0.08757583069967728	0.24162310654271651	-0.0014673925094168651		308.09108	NaN	409_challenge_466_	N/A
1	C10H14N5O7P	[M + H]+	C10H14N5O7P	7.222075688871197	7.222075688871197	0.0	2	0.774593338497289	0.9435992697751372	0.9435992697751372	-0.0012988483208763572		348.07036	NaN	410_challenge_467_	N/A
1	C7H8N4O2	[M + H]+	C7H8N4O2	16.836283765645096	16.836283765645096	0.0	4	0.9518486672398968	0.16367914449061124	0.1793219783718329	-0.0024967446242224025		181.07200	NaN	411_challenge_468_	N/A
1	C8H16N2O4	[M + H]+	C8H16N2O4	19.59314452046151	19.59314452046151	0.0	5	0.8610256410256408	3.0073102910344844	5.682416529123813	-0.002204048024085504		205.11828	NaN	412_challenge_469_	N/A
1	C20H18O10	[M + H]+	C20H18O10	39.712484154256096	39.712484154256096	0.0	15	0.8823748429925271	-1.3485466774065482	1.4698973418390773	-0.001078725026932399		419.09727	NaN	413_challenge_47_	N/A
1	C20H33O5	[M]-	C20H33O5	14.46391573061516	14.46391573061516	0.0	5	0.777209434498437	2.670932562019715	2.670932562019715	-1.5574702245702383		352.22497	NaN	414_challenge_470_	N/A
1	C11H13NO4	[M + H]+	C11H13NO4	17.910950469988634	17.910950469988634	0.0	4	1.0	4.783316160097755	4.783316160097755	-0.0020174351747492035		224.09173	NaN	415_challenge_471_	N/A
1	C13H14N2O2	[M + H]+	C13H14N2O2	34.5838965668191	34.5838965668191	0.0	11	0.9999999999999999	-3.272802617031736	4.590916075108783	-0.001956146691650397		231.11280	NaN	416_challenge_472_	N/A
1	C10H18N4O5	[M + H]+	C10H18N4O5	51.5123816242971	51.5123816242971	0.0	14	0.8614190687361418	6.982734741625881	6.982734741625881	-0.001643158800566735		275.13500	NaN	417_challenge_473_	N/A
1	C11H10N2OS2	[M + H]+	C11H10N2OS2	36.036187226583586	36.036187226583586	0.0	12	0.9640375970576216	2.518726880324266	2.7606498788451628	-0.0018009370591379312		251.03073	NaN	418_challenge_474_	N/A
1	C10H8N2O2S2	[M + H]+	C10H8N2O2S2	10.44171491506295	10.44171491506295	0.0	6	0.9310634720470785	-0.23331627662067528	2.030053772005937	-0.0017868485608485624		253.01000	NaN	419_challenge_475_	N/A
1	C19H27NO6	[M + H]+	C19H27NO6	8.07851762729051	8.07851762729051	0.0	4	0.16464471403812822	11.546689089055553	11.546689089055553	-0.0012345757263043532		366.19111	NaN	420_challenge_476_	N/A
1	C20H16O5	[M - H]-	C20H16O5	46.569432055403865	46.569432055403865	0.0	12	0.8784648187633264	-0.4499720356004009	2.890325167958812	0.0013491513319775388		335.09250	NaN	421_challenge_477_	N/A
1	C18H19NO4	[M + H]+	C18H19NO4	52.49166449667606	52.49166449667606	0.0	23	0.8241551939924906	0.23347743677745542	4.534432919442967	-0.0014391433658934637		314.13868	NaN	422_challenge_478_	N/A
1	C16H12O5	[M + H]+	C16H12O5	52.773185216399156	52.773185216399156	0.0	10	0.8871650211565586	7.2444900302935515	7.2444900302935515	-0.0015858611163897076		285.07575	NaN	423_challenge_479_	N/A
1	C13H15IN2O2	[M + Na]+	C13H15IN2O2	4.95814639728985	4.95814639728985	0.0	3	0.6112833138966607	-3.4122646100824223	3.4122646100824223	-0.0018374739950208798		381.00705	NaN	424_challenge_48_	N/A
1	C8H15N3O7	[M + H]+	C8H15N3O7	5.739515729059921	5.739515729059921	0.0	3	0.09540034071550255	-0.6444487040944572	1.1924042922741065	-0.0016989606118106636		266.09828	NaN	425_challenge_480_	N/A
1	C21H43N5O7	[M + H]+	C21H43N5O7	11.326441146079095	11.326441146079095	0.0	3	0.983050847457627	-0.4571012142955363	0.5749293571937969	-9.451565307062248E-4		478.32352	NaN	426_challenge_481_	N/A
1	C23H28O11	[M + H]+	C23H28O11	16.255123964034762	16.255123964034762	0.0	4	0.8321285140562249	-7.225704202181584	7.225704202181584	-9.395648508569843E-4		481.17044	NaN	427_challenge_482_	N/A
1	C20H30O5	[M + H]+	C20H30O5	90.66363091527231	90.66363091527231	0.0	18	0.9084842707340325	5.3397400666960255	5.3397400666960255	-0.0012872130847417663		351.21660	NaN	428_challenge_483_	N/A
1	C21H22O6	[M - H]-	C21H22O6	34.0383797874556	34.0383797874556	0.0	18	0.9521086490350249	-2.7190264960301653	3.3867405828472714	0.0012247312139496414		369.13436	NaN	429_challenge_484_	N/A
1	C21H22ClNO3	[M + H]+	C21H22ClNO3	11.456375078907186	11.456375078907186	0.0	5	0.2515970515970516	-5.869436663843557	5.869436663843557	-0.001214852863035546		372.13610	NaN	430_challenge_485_	N/A
1	C30H48O4	[M + H]+	C30H48O4	65.568114233932	65.568114233932	0.0	19	0.8925850213714924	6.916692996943469	6.916692996943469	-9.550621893826546E-4		473.36254	NaN	431_challenge_486_	N/A
1	C16H13O6	[M + H]+	C16H13O6	39.12892852924251	39.12892852924251	0.0	9	0.9514331210191084	6.509475968979216	6.509475968979216	-1.8175176894364706		302.07794	NaN	432_challenge_487_	N/A
1	C13H18O2	[M + H]+	C13H18O2	29.023564875223304	29.023564875223304	0.0	4	1.0	0.6149182560085551	0.6149182560085551	-0.002182557728502059		207.13796	NaN	433_challenge_488_	N/A
1	C17H14F3N3O2S	[M + H]+	C17H14F3N3O2S	35.21145422115354	35.21145422115354	0.0	16	0.9466431095406358	4.583003755905902	4.583003755905902	-0.0011832256756106093		382.08316	NaN	434_challenge_489_	N/A
1	C30H62O10	[M + H3N + H]+	C30H65NO10	38.551818500052576	38.551818500052576	0.0	19	0.974645946616525	-0.7027623906602565	0.8760791847858278	0.007414064216921045		600.46813	NaN	435_challenge_49_	N/A
1	C22H23N3O4	[M + H]+	C22H23N3O4	28.812580621547866	28.812580621547866	0.0	7	0.9629854368932037	6.045594925340681	6.045594925340681	-0.0011469253621069371		394.17613	NaN	436_challenge_490_	N/A
1	C10H10O5	[M - H]-	C10H10O5	21.39809907316242	21.39809907316242	0.0	5	0.9655172413793104	-13.462822996220577	13.462822996220577	0.002162641492888288		209.04555	NaN	437_challenge_491_	N/A
1	C9H12N3OP	[M + H]+	C9H12N3OP	10.617657876935137	10.617657876935137	0.0	5	1.0	10.022087353729944	10.022087353729944	-0.0021520017979894546		210.07907	NaN	438_challenge_492_	N/A
1	C13H18Cl2N2O2	[M + H]+	C13H18Cl2N2O2	14.247488671760538	14.247488671760538	0.0	4	1.0	8.9582592158938	8.9582592158938	-0.0014818667963088525		305.08181	NaN	439_challenge_493_	N/A
1	C29H31NO2	[M + H]+	C29H31NO2	0.8507763878643304	0.8507763878643304	0.0	1	0.0	1.7462223104890489	1.7462223104890489	-0.001060641143166595		426.24276	NaN	440_challenge_494_	N/A
1	C20H24N2S2	[M + H]+	C20H24N2S2	9.083303674414779	9.083303674414779	0.0	4	0.8836341008089608	7.746960550937072	7.746960550937072	-0.0012658446347030587		357.14537	NaN	441_challenge_495_	N/A
1	C15H17O2	[M]-	C15H17O2	12.10711247511244	12.10711247511244	0.0	4	0.9303112313937754	1.9888096149088252	1.9888096149088252	-2.4048389536598593		228.11503	NaN	442_challenge_496_	N/A
1	C31H23BrO3	[M + H]+	C31H23BrO3	8.60064534979982	8.60064534979982	0.0	7	0.7247422680412372	5.098236660503614	7.457109463322249	-8.642684852515665E-4		523.09033	NaN	443_challenge_497_	N/A
1	C19H20N2O2	[M + H]+	C19H20N2O2	42.81807529239128	42.81807529239128	0.0	12	1.0000000000000002	4.91788218155088	4.91788218155088	-0.0014623203618903974		309.15975	NaN	444_challenge_498_	N/A
1	C54H84O22	[M + H3N + H]+	C54H87NO22	74.39512251192278	74.39512251192278	0.0	29	0.9420063234149653	-0.5750758725851459	0.7586719014828136	0.004037723093231291		1102.57925	NaN	445_challenge_5_	N/A
1	C12H19N5O3	[M - H]-	C12H19N5O3	43.8897698265013	43.8897698265013	0.0	13	0.9711531318064284	-4.439358664905278	4.466196672352399	0.001613793677270859		280.14151	NaN	446_challenge_50_	N/A
1	C26H34O11	[M + CH2O2 - H]-	C27H36O13	71.65643414687187	71.65643414687187	0.0	44	0.9599439202464367	-6.105419553869182	6.105419553869182	-0.005027975456941199		567.20831	NaN	447_challenge_51_	N/A
1	C50H84O26	[M + CH2O2 - H]-	C51H86O28	0.0	0.0	0.0	1	NaN	NaN	NaN	-0.0024896123418997216		1145.52328	NaN	448_challenge_52_	N/A
1	C13H14O4	[M + H]+	C13H14O4	266.3623435523763	266.3623435523763	0.0	57	0.9894064859709555	-0.7739664822960126	0.9658316194540513	-0.001923000024737864		235.09648	NaN	449_challenge_53_	N/A
1	C20H32O2	[M + H]+	C20H32O2	239.35117052814996	239.35117052814996	0.0	58	0.9918551447029277	-0.6103961428206666	1.0035642234279796	-0.0014810622103537461		305.24751	NaN	450_challenge_54_	N/A
1	C15H10N2O2	[M + H]+	C15H10N2O2	20.985641444768238	20.985641444768238	0.0	7	0.7648629952671291	-0.11785600243663262	0.93878803514372	-0.001800572881404203		251.08150	NaN	451_challenge_55_	N/A
1	C14H25NO3	[M + H]+	C14H25NO3	260.06714343835256	260.06714343835256	0.0	60	0.9999999999999999	-0.3997938838710863	0.7521519128785366	-0.0017646638023769777		256.19072	NaN	452_challenge_56_	N/A
1	C18H23NO2	[M - H]-	C18H23NO2	42.59449627025018	42.59449627025018	0.0	9	0.9817672017696512	-6.455571285082072	6.455571285082072	0.0015909406291300153		284.16560	NaN	453_challenge_57_	N/A
1	C15H22O4	[M - H]-	C15H22O4	110.24293811380838	110.24293811380838	0.0	39	0.9640395566134324	-6.6219450091209415	6.6219450091209415	0.001705072101255037		265.14453	NaN	454_challenge_58_	N/A
1	C15H20O4	[M - H]-	C15H20O4	16.202048587613376	16.202048587613376	0.0	2	0.9654952565046109	-2.5312971956156876	2.5312971956156876	0.0017181334902187564		263.12888	NaN	455_challenge_59_	N/A
1	C27H30O14	[M - H]-	C27H30O14	107.60933085623385	107.60933085623385	0.0	42	0.9606960752546492	-6.955844848157742	6.955844848157742	7.833068883368999E-4		577.15628	NaN	456_challenge_6_	N/A
1	C20H18O3	[M - H]-	C20H18O3	42.52859992845568	42.52859992845568	0.0	9	0.9778196766803932	-7.775105474672324	7.775105474672324	0.0014816892956466556		305.11832	NaN	457_challenge_60_	N/A
1	C15H9F24O4P	[M + CH2O2 - H]-	C16H11F24O6P	5.439467503910106	5.439467503910106	0.0	4	0.4617558594983488	-12.88181411136785	12.88181411136785	-0.0036330810293964838		784.98372	NaN	458_challenge_61_	N/A
1	C14H14N4O3	[M + H]+	C14H14N4O3	81.51728330581788	81.51728330581788	0.0	31	0.9799401761366686	-1.5175112687549976	1.5737961253140664	-0.0015746036655970874		287.11387	NaN	459_challenge_62_	N/A
1	C34H33N3O5	[M + H]+	C34H33N3O5	84.14847566134385	84.14847566134385	0.0	52	0.9811131312477345	-0.5358070399622927	0.9013541227486549	-8.012247277357597E-4		564.24930	NaN	460_challenge_63_	N/A
1	C22H25N3O2	[M + Na]+	C22H25N3O2	52.19276106932242	52.19276106932242	0.0	12	0.9337258452172529	-0.7469817943244608	0.8292912275192741	-0.0018128425360033503		386.18390	NaN	461_challenge_64_	N/A
1	C17H28O6	[M + Cl]-	C17H28O6	18.9562096698761	18.9562096698761	0.0	4	0.5027290215110529	-3.81178990103208	3.81178990103208	0.002037930017473086		363.15799	NaN	462_challenge_65_	N/A
1	C20H28O5	[M + CH2O2 - H]-	C21H30O7	11.566621322176712	11.566621322176712	0.0	5	0.28500269245437676	-7.082325415155783	7.082325415155783	-0.007253226011784019		393.19187	NaN	463_challenge_66_	N/A
1	C41H66O13	[M + CH2O2 - H]-	C42H68O15	53.96052535803834	53.96052535803834	0.0	19	0.675706333235123	-14.401565547358652	14.401565547358652	-0.0035145905246510684		811.44854	NaN	464_challenge_67_	N/A
1	C20H27NO8S	[M + H]+	C20H27NO8S	110.8036888784919	110.8036888784919	0.0	56	0.9769165566334668	-1.274123724571817	1.4305202325383397	-0.0010224758388415287		442.15301	NaN	465_challenge_68_	N/A
1	C14H26O6	[M + Na]+	C14H26O6	3.4053947934579503	3.4053947934579503	0.0	1	0.0	-1.1337656309442161	1.1337656309442161	-0.002235552793694206		313.16216	NaN	466_challenge_69_	N/A
1	C20H36O6	[M - H]-	C20H36O6	24.2411871807692	24.2411871807692	0.0	7	0.988093189088278	-6.90994229354784	6.90994229354784	0.0012177722803180446		371.24391	NaN	467_challenge_7_	N/A
1	C16H28O7	[M + H3N + H]+	C16H31NO7	123.23093028631068	123.23093028631068	0.0	40	0.9711522169347806	-0.08274455772723535	1.1506405212441415	0.012711847626506238		350.21733	NaN	468_challenge_70_	N/A
1	C32H42O13	[M + H3N + H]+	C32H45NO13	123.48451447499222	123.48451447499222	0.0	49	0.8411605868178258	-2.297397711646833	2.297397711646833	0.006824979520697194		652.29637	NaN	469_challenge_71_	N/A
1	C24H38O5	[M - H]-	C24H38O5	22.811907600770965	22.811907600770965	0.0	8	0.9741530187038404	-1.6772391494227583	1.6772391494227583	0.0011155438584823174		405.26465	NaN	470_challenge_72_	N/A
1	C10H14O3	[M - H]-	C10H14O3	60.74953012837917	60.74953012837917	0.0	9	0.9754413719313351	-10.09202720134211	10.09202720134211	0.002496537736267238		181.08702	NaN	471_challenge_73_	N/A
1	C16H12O6	[M - H]-	C16H12O6	39.70450273110572	39.70450273110572	0.0	10	0.9438347014523939	-2.0586868460234817	3.0906191513825005	0.0015117248169638127		299.05611	NaN	472_challenge_74_	N/A
1	C33H33FN2O4	[M + CH2O2 - H]-	C34H35FN2O6	10.84513424156213	10.84513424156213	0.0	3	0.7797163888350703	-3.3647393611677803	3.3647393611677803	-0.004873054427538927		585.24064	NaN	473_challenge_75_	N/A
1	C18H21NO	[M + H]+	C18H21NO	26.88277399070545	26.88277399070545	0.0	7	0.9745532832447809	-1.4911746258711474	1.5709112193481973	-0.0016858380139099488		268.16959	NaN	474_challenge_76_	N/A
1	C16H17BrClN3O3	[M + H]+	C16H17BrClN3O3	28.516897645247184	28.516897645247184	0.0	15	0.9556756936966051	-0.027669760086384915	1.1663253146122639	-0.0010919496932614993		414.02146	NaN	475_challenge_77_	N/A
1	C12H11I3N2O4	[M + H]+	C12H11I3N2O4	37.59763801120615	37.59763801120615	0.0	24	0.8506856261728449	-1.8367639016868103	1.8367639016868103	-7.189819125515836E-4		628.79258	NaN	476_challenge_78_	N/A
1	C19H28O9	[M + Cl]-	C19H28O9	26.84106748677626	26.84106748677626	0.0	7	0.8952932897904963	-6.2823073816204325	6.2823073816204325	0.0017007991654106739		435.14273	NaN	477_challenge_79_	N/A
1	C17H25N3O2S	[M + H]+	C17H25N3O2S	15.82403009012168	15.82403009012168	0.0	8	0.9884464547975959	-0.6355884572102879	1.0544953858668065	-0.0013448110621376754		336.17402	NaN	478_challenge_8_	N/A
1	C19H34O8	[M + H3N + H]+	C19H37NO8	49.55791717121819	49.55791717121819	0.0	16	0.9318694021315767	0.6296636814198795	0.6938530178432699	0.01090461500327047		408.25920	NaN	479_challenge_80_	N/A
1	C27H32O14	[M + Na]+	C27H32O14	16.232837581921707	16.232837581921707	0.0	3	0.4442906320468187	-6.608235701739339	6.608235701739339	-0.0011606884005185213		603.16843	NaN	480_challenge_81_	N/A
1	C14H19NO7	[M + Na]+	C14H19NO7	0.6960762502672992	0.6960762502672992	0.0	1	0.0	-3.3461287598015144	3.3461287598015144	-0.0020829495654075556		336.10537	NaN	481_challenge_82_	N/A
1	C36H58O9	[M + H3N + H]+	C36H61NO9	132.21684506438405	132.21684506438405	0.0	50	0.9563858223417729	-0.7135573074447047	0.9730671873105348	0.006823457053535988		652.44191	NaN	482_challenge_83_	N/A
1	C18H14O9	[M - H]-	C18H14O9	68.93102754131779	68.93102754131779	0.0	29	0.9404931177384751	-2.7773611758488057	2.8676510735697978	0.0012118552610230527		373.05651	NaN	483_challenge_84_	N/A
1	C20H20O7	[M - H]-	C20H20O7	143.959018240733	143.959018240733	0.0	58	0.976736097071424	-5.670356300578049	5.670356300578049	0.0012181996472828902		371.11363	NaN	484_challenge_85_	N/A
1	C9H10O3	[M - H]-	C9H10O3	54.99484477860425	54.99484477860425	0.0	9	0.9622221064884771	-11.179304938528322	11.179304938528322	0.002739017949447925		165.05572	NaN	485_challenge_86_	N/A
1	C15H24O2	[M - H]-	C15H24O2	3.5	3.5	0.0	1	0.0	NaN	NaN	0.001922395993488829		235.17035	NaN	486_challenge_87_	N/A
1	C26H40O6	[M - H]-	C26H40O6	9.177929669744959	9.177929669744959	0.0	2	0.808250142355047	-22.654446880514865	22.654446880514865	0.0010107658022375367		447.27521	NaN	487_challenge_88_	N/A
1	C12H18Br6	[M + Cl]-	C12H18Br6	-1.6094379124341003	-1.6094379124341003	0.0	1	0.0	NaN	NaN	0.0011035913587575026		670.62028	NaN	488_challenge_89_	N/A
1	C25H25N7O3	[M + H]+	C25H25N7O3	39.079974660609714	39.079974660609714	0.0	17	0.9211866343970146	-1.9307713449535542	1.9307713449535542	-9.573943298728234E-4		472.20916	NaN	489_challenge_9_	N/A
1	C4H9NO	[M + H]+	C4H9NO	31.774043455104255	31.774043455104255	0.0	8	0.9464488048503963	1.9252325024536132	1.9252325024536132	-0.005132977471918846		88.07569	NaN	490_challenge_90_	N/A
1	C43H65N5O10	[M + H]+	C43H65N5O10	71.92245419281045	71.92245419281045	0.0	34	0.9355100239667301	-0.01393745033756301	0.514956806761622	-5.564324736460004E-4		812.48042	NaN	491_challenge_91_	N/A
1	C21H19ClN4O4	[M + Na]+	C21H19ClN4O4	5.160567242133644	5.160567242133644	0.0	3	0.14453961562702797	1.5416006254994534	2.59119238761462	-0.001558878877342187		449.09870	NaN	492_challenge_92_	N/A
1	C20H22O9	[M + Cl]-	C20H22O9	46.886351598265435	46.886351598265435	0.0	12	0.971248745027246	-14.274109720094035	14.274109720094035	0.0016778453562404233		441.09578	NaN	493_challenge_93_	N/A
1	C23H20O6	[M + Cl]-	C23H20O6	38.24856434159709	38.24856434159709	0.0	7	0.8771643874446039	-8.115415788126768	8.115415788126768	0.001732846073421048		427.09539	NaN	494_challenge_94_	N/A
1	C28H51NO6	[M + CH2O2 - H]-	C29H53NO8	33.22263125503524	33.22263125503524	0.0	8	0.8182324269598339	-14.233394359696842	14.233394359696842	-0.0052582375891551195		542.36984	NaN	495_challenge_95_	N/A
1	C12H16Cl2O4	[M + CH2O2 - H]-	C13H18Cl2O6	-0.6094379124341003	-0.6094379124341003	0.0	1	NaN	NaN	NaN	-0.008411700975075		339.04076	NaN	496_challenge_96_	N/A
1	C20H30O4	[M + H]+	C20H30O4	228.85624552491038	228.85624552491038	0.0	59	0.9999999999999998	-1.1053604309528422	1.1053604309528422	-0.001348631734794692		335.22169	NaN	497_challenge_97_	N/A
1	C15H22O4	[M + H]+	C15H22O4	145.90493026793868	145.90493026793868	0.0	41	0.8216032603246323	-0.08905700970558686	1.3229843659069878	-0.0016922147566906113		267.15909	NaN	498_challenge_98_	N/A
1	C36H58O8	[M + H3N + H]+	C36H61NO8	95.305716584546	95.305716584546	0.0	26	0.8663058704311584	-0.36509370117316425	1.5699187041468003	0.006994941266970229		636.44700	NaN	499_challenge_99_	N/A
